Degree_Stream,CGPA,Technical_Skills,Aptitude_Score,Communication_Skills,Internships,Projects,Certifications,Coding_Score,Job_Ready
Information Technology,8.09605698361348,73.55919495829296,63.643604769659454,96.06248827066587,0,0,0,68.7210214955188,1
Computer Science,7.334082838594578,79.52276990799292,63.19878837424219,67.19320035438417,0,2,2,78.78019757043677,1
Computer Science,8.277226245720831,60.03037425225016,43.06535241054977,78.56151452157967,0,0,3,50.26463534090428,0
Information Technology,9.32763582768963,55.81644898238375,65.04864712447844,66.79687367179582,0,1,0,70.88882667338024,0
Information Technology,7.219015950331997,48.72274210163303,80.99243622732618,52.987999138103355,1,1,1,91.63508315154965,0
Information Technology,7.219035651660984,52.61884205031567,50.88651821384807,24.645513178839565,0,3,1,34.82258887259494,0
Computer Science,9.39505537860887,100.0,85.72723976575888,68.69820236665345,1,1,0,67.11339745677247,1
Computer Science,8.420921674983491,83.6701937110518,77.31662231626507,51.03908111715696,2,2,1,76.61311382590816,1
Information Technology,6.936630736878057,44.73388450687968,58.98650017043443,,2,3,1,58.09700366802339,0
Electronics,8.151072052303158,45.16313064884645,67.87705543993229,56.018229392375986,0,1,0,84.76566421711294,0
Electronics,6.943898768625045,72.22799092577738,93.9748271146155,96.40750531922288,2,2,1,100.0,1
Information Technology,6.941124295715691,73.2089719606695,81.00321720258799,100.0,0,2,1,66.86710696772606,1
Information Technology,7.790354725879241,73.23325752976046,,68.90974287551121,1,0,1,55.328205354440016,1
Mechanical,5.2040637064106425,61.175663096694535,66.43475024558524,56.6341899695889,1,4,4,79.53965615323914,1
Computer Science,5.430098600984361,63.118186099956496,71.14913605677489,43.80992448587821,1,3,2,76.84137720755803,0
Computer Science,6.825254964910833,69.91819286239036,62.32354663086545,73.43372290782925,1,3,1,9.623380901636311,0
Information Technology,6.284602655598691,66.28839509439996,38.42875741421478,97.0923008011726,0,2,0,59.94528887817773,0
Information Technology,7.877096799114328,31.710494408786975,100.0,60.54787303354718,2,3,0,52.10801066521772,1
Computer Science,6.410371109374546,61.553005541372094,72.32987498799102,22.178071266441965,1,1,0,67.93411383027832,0
Information Technology,5.80523555839765,52.2289034860953,75.97220897683806,77.06089409267943,2,1,4,56.126834394124195,0
Computer Science,9.258778522705866,67.62817128362768,69.13138375184637,82.73719480610089,1,1,2,58.296478154579965,1
Information Technology,7.2290684394161575,100.0,58.973247989131174,36.454778473054745,1,3,0,42.735744810778364,1
Computer Science,7.581033845625509,70.51222498211456,67.21113278576844,68.17671530593316,0,2,1,74.69058436848975,1
Mechanical,5.790302176543852,60.297054707414034,46.00907856708533,73.12206829044977,0,2,1,93.10084442937463,1
Computer Science,6.846740730569781,78.82702252965878,100.0,63.684068563839105,0,4,0,43.0465610156993,1
Electronics,7.633107107651839,72.24031830813819,51.48232002366406,50.76612345646363,1,3,0,32.058899537060526,0
Computer Science,6.118807707093237,71.30141735677762,54.52050574229231,83.28687002414401,0,1,1,60.400064396549276,0
Electronics,7.950837622014807,74.10275889823507,63.396111934203994,57.739164572563716,0,1,0,59.42688677929472,0
Electronics,6.779233572097434,95.84815347244313,89.32113587278566,38.266649071401226,0,2,2,83.4186557224072,1
Computer Science,7.149967500248068,48.03667347011126,70.2176349889398,28.109459257945744,2,1,1,35.41610095242936,0
Computer Science,6.777952065324723,72.10448115217181,51.45796305954306,87.69529135998758,1,1,0,49.240896499518044,0
Information Technology,9.722733821410726,51.104283050276926,88.8150754113601,76.09995157648012,3,1,1,17.045935214662933,0
Computer Science,7.483803330314479,73.33268969513372,80.96500940178223,66.58352384832504,2,0,1,87.49967272423645,1
Mechanical,6.23074688525292,51.21970232770858,78.07652435824679,57.075056536685544,0,1,0,65.01089256646728,0
Computer Science,8.487053894523827,58.73949779592373,80.7360136175626,55.478028544343715,0,2,1,50.731341720384066,0
Computer Science,6.034987620034773,60.57365128643141,100.0,45.636740328051,1,2,1,33.55457042817647,0
Computer Science,7.750636314005707,79.63725079017064,100.0,57.23379839792207,0,2,1,35.39047883645498,1
Computer Science,5.14839585134427,78.7768166591362,59.69926985495057,26.83843012783686,1,1,2,68.28533799582783,0
Information Technology,5.906176741321883,46.31423935330423,94.35827489216729,51.75085423756674,2,4,2,37.85149908798579,0
Information Technology,7.736233483042948,65.82401166499773,75.7475228463835,59.40312470568031,1,2,0,62.08010846297139,1
Electronics,8.386159895994492,54.35630217876241,77.48643724206624,75.97784084942754,1,1,1,100.0,1
Electronics,7.7056419374279645,46.12242633986998,44.61593752535007,64.28132365927945,1,0,1,53.048247541103585,0
Computer Science,7.361222061134112,61.74474424363444,67.44421351917705,79.30861604976006,0,1,1,40.77111112051242,0
Electronics,11.288912085424792,60.3727581731627,57.807646144951526,89.28443189204174,1,0,1,67.64014410905526,0
Computer Science,5.725773611559087,100.0,82.42088222339964,84.04706168883384,0,1,2,35.48416518436545,0
Computer Science,6.6361869499263495,71.49439738041045,86.06620750604208,73.46917725281402,0,1,1,94.39969060658807,1
Computer Science,6.947233474848255,44.33573748868644,38.88270473475533,65.21352822525411,0,3,1,88.0723933705667,0
Electronics,8.7685466714627,56.52838993743587,69.66947703993594,47.34581584855594,0,2,1,56.716567620927115,0
Information Technology,7.912341947482154,80.32074943144097,86.82792257191379,78.3189929248277,0,2,1,42.054136371515604,1
Information Technology,5.384351813564719,96.32664159304888,67.19981556529832,95.23545287998752,2,0,1,51.48460254449279,1
Information Technology,7.888900763273754,41.210250316430624,80.93595467503546,71.15790871370753,1,1,1,54.08668775829143,0
Information Technology,7.03790126350042,36.80113422291433,75.26748201440626,99.51066467167021,0,2,2,67.6713426341413,0
Information Technology,6.6876935996328495,93.06447763057673,75.1249034792894,,0,1,2,80.79264658602231,1
Computer Science,8.234011546609041,70.84421266056356,65.93027532897554,44.225059073968254,1,1,2,39.2697473848282,1
Computer Science,8.737199426995142,51.9756090218545,51.751287937964356,80.39362713946872,2,1,3,80.21819130685489,0
Information Technology,8.617536142939437,73.01943629183653,53.17704778862459,69.75722378275852,2,1,5,72.35371225622596,1
Information Technology,6.492938972132833,25.463783914746834,80.64028771682976,88.64807917829253,0,1,0,49.84421018386787,0
Computer Science,7.128945148978542,65.05063259895742,70.29187383278325,64.72151046691869,1,1,1,38.265762086459794,0
Computer Science,7.897516117684277,69.91731759264628,,49.37644239449003,0,0,0,62.32465434585136,0
Computer Science,8.670654152546831,78.86405209306744,63.64164936516471,61.15532164030923,0,3,1,38.80823032595832,0
Information Technology,6.924990914585652,49.791560715611936,65.42216731778872,37.41168852337279,1,2,2,80.47361698325213,0
Electronics,7.27720922800342,66.28530742105039,85.70367691732208,,0,2,1,37.5223445573559,0
Information Technology,6.172398031192766,51.11863060910619,64.9713387719796,82.50399196252418,2,3,2,70.95412386326288,0
Information Technology,6.064552051103195,68.83075633511476,49.88402930047647,80.71017346045298,2,1,0,58.38767270369836,0
Computer Science,8.475030986873037,51.56980516455464,81.1547766331026,71.53407712650939,0,1,1,48.787502312495974,0
Electronics,9.127488034284987,58.87848741259669,66.92685004202924,34.020604622711545,1,3,1,57.94336987361418,0
Electronics,7.413587854103599,50.062769078146566,70.47093798299164,58.54873564076801,0,1,1,81.59966339268404,0
Computer Science,8.704239477470429,74.76704362735485,94.11367459599266,42.95000200411909,1,5,2,36.1548518201242,1
Information Technology,7.933963230057161,77.87676674984998,69.6915916397424,86.17759856817977,0,0,3,51.75686889616367,0
Mechanical,6.725856294473851,61.480691450638794,74.33775509678088,54.493001595873174,0,1,0,44.96512870625624,0
Information Technology,7.933674726610096,65.57356992440043,52.31614763052512,45.45654120593211,0,1,0,59.22765732902571,0
Mechanical,9.345643879759162,43.27112878049684,66.7049582147356,65.53633097218564,2,2,2,46.306382149746916,0
Computer Science,7.457008753068058,60.50485027989819,79.14289067812902,53.47721977697699,2,2,1,24.63837515226771,1
Information Technology,9.377572386976807,64.24693074437383,46.669393992381366,91.70739038366672,1,1,0,38.89724906135275,0
Computer Science,4.356305875092307,100.0,73.01267639673564,51.77340384438457,1,1,1,92.75510037076224,1
Computer Science,8.486283005250268,48.320494613387545,71.5118660896721,39.81389133395664,1,3,0,64.93456422572545,1
Electronics,7.604456481885806,86.96265858128656,70.6193118338116,26.24755671636472,2,1,2,64.24724107616154,1
Computer Science,7.141191179440958,79.95288160198712,85.55738347987365,64.44584295655852,0,5,2,54.347752199827234,1
Computer Science,7.610112931842603,69.20954606735205,75.01657772272782,54.885257950557325,1,1,1,58.96749151781661,0
Information Technology,5.114917302478928,91.379307262927,92.17107847534666,39.27971708278892,0,3,2,51.4037615433724,0
Mechanical,7.236393734594985,70.58158208910294,55.096157266089456,86.40607630260413,1,3,1,70.5385706208213,0
Computer Science,7.9285350858140955,70.83738793501892,72.03886850827521,77.01041265372635,0,1,1,62.01617708518746,1
Computer Science,9.27347285368982,64.20319020473681,71.26700179584921,64.49207817912986,0,1,2,36.5746357968277,0
Information Technology,6.878075738071623,83.35353323627942,53.961182593673804,89.55787239507559,0,1,1,65.07449006208385,1
Electronics,6.529807676528175,81.44703850716326,84.34442503137019,76.92564860117503,2,1,2,10.825161534568988,0
Computer Science,6.897891547698556,55.614840687556814,100.0,50.18859377266822,1,2,1,68.27718399355571,1
Computer Science,8.59848254124249,45.21129208101849,69.74490888274254,46.29403704816621,1,3,1,31.812862863269572,0
Computer Science,7.894501331591622,61.955290439065145,77.5753163241065,79.72366780016951,2,2,3,58.07889827659848,1
Computer Science,6.864287755479554,52.99942153403531,71.26777713722991,72.13460521641231,1,0,1,36.10744793607622,0
Computer Science,8.115920919736027,64.04713138076967,59.29622995139236,68.0554598234719,0,0,0,60.05646399066194,0
Mechanical,7.616493059217649,83.56157202026209,,49.763039548359664,0,0,1,71.56557038552444,0
Electronics,8.662373988639468,58.14047517369815,59.41339775356952,75.94305620610358,0,4,1,90.0565417049916,1
Mechanical,6.6575362873471775,64.35764928032637,49.120624285724034,51.40102010358891,0,0,4,29.17284689977043,0
Computer Science,7.106805424082678,65.87034102212593,95.56153117088677,63.1642402173138,0,0,1,79.50945911342271,1
Computer Science,7.02947021624141,77.72646323307927,68.27335459115142,91.04499463496563,0,1,0,62.62305410754943,0
Computer Science,5.743782062241458,31.29665999023092,64.81121006429244,,0,3,2,50.98665694350752,0
Computer Science,7.855344332477491,55.89949557852055,83.33730737181709,36.6861933726885,2,2,2,75.19713010118919,1
Mechanical,7.813266326615867,68.16925538419208,53.17373345716168,46.054150546338015,0,1,2,55.28150297829587,0
Mechanical,7.506136147970953,83.00118434640292,58.49703942993172,82.89737888037722,0,0,1,74.35061032801359,1
Electronics,7.218495439949823,57.621463287406925,71.02108403872931,69.58516047284377,2,1,0,40.1546057374401,0
Computer Science,5.801555109539503,36.85170940937189,85.4315348713522,62.680207183602434,0,2,0,47.34005935407416,0
Information Technology,6.995225612681569,74.29567168949204,77.52527567753182,55.836311504391745,1,1,1,78.87200105589199,1
Information Technology,7.088742580167876,55.46956416761556,73.72487713773823,73.73647833595741,2,1,0,89.70801047140844,1
Electronics,6.537267276934057,47.15500011364458,71.17176602854025,49.716112682175975,1,2,0,59.299362016943014,0
Information Technology,7.306457146000789,55.63481915430164,76.00353783290163,70.50198023556672,0,1,1,4.254221492884396,0
Computer Science,7.984861028177446,62.232119635162256,73.02479357693882,51.83741776136677,2,1,1,56.019014347830904,0
Computer Science,9.763423081452636,55.92883003192681,54.550415878345966,48.84213106504903,0,0,1,60.648522356448595,0
Electronics,7.709493375398207,31.916509143513963,70.69118832449728,53.52522617314979,2,2,0,55.34453246613657,0
Information Technology,7.809060468867317,78.45599295330699,53.89467011623371,58.24266596328869,0,0,2,66.72677123331063,0
Information Technology,7.410664901080599,84.12312561918084,71.21623814351236,64.12106295319334,0,3,0,50.46180144805356,1
Mechanical,5.19747454164115,74.77282987009258,62.79028087767638,69.23820431200006,2,1,0,76.77741721356054,1
Information Technology,7.46818334946094,47.93471494362775,100.0,0.0,1,1,3,36.66573454537916,0
Computer Science,7.572276251929232,61.97762699078723,69.40158424372432,50.46228996055823,0,2,3,84.73697414708282,1
Computer Science,10.0,64.90218027155812,48.93640650607617,57.951740407591295,0,0,1,91.00157647922185,1
Computer Science,7.269166842262653,73.98191584342865,67.98729683984614,92.09111669494995,1,3,2,41.73880523879385,0
Computer Science,7.861856810800335,75.0251073307712,77.79038118456832,45.559953049121624,2,2,1,41.72800348793875,1
Computer Science,7.458345876353708,53.987393018322564,95.10045919228786,67.93033912579843,0,4,1,68.21390627555056,1
Computer Science,6.097586354856562,66.22993334620341,61.15821400091922,91.91054557524508,1,1,1,36.25559180514222,0
Computer Science,8.871387377418024,71.85920606922862,46.2635803896454,41.36656646094909,1,1,2,50.1479425779536,0
Computer Science,8.402319639224128,86.83733483220149,82.25255517146472,72.09155406555924,1,2,0,82.0505391291203,1
Computer Science,8.449238336451657,75.56759809737085,49.29101941150523,50.55910698917863,2,2,1,74.75213528953925,0
Mechanical,6.408735054246313,76.83585031063278,63.457668377387726,55.91659263879378,1,1,2,99.60392683379179,1
Mechanical,9.183353173123319,66.25739941894041,66.13569271733509,50.54400498884034,0,2,1,63.415682952004154,1
Information Technology,5.817778724649263,86.15688717805256,68.95549820049838,51.82656844851405,0,1,1,47.78323995443629,0
Electronics,8.204228512560324,71.14644193939246,80.33746685611503,100.0,0,1,3,61.024870233060405,1
Information Technology,10.0,52.08368134739644,59.74548576570419,80.20020569728999,3,1,1,134.15471111662026,1
Electronics,6.311356409843174,86.05054955187786,65.89406121749859,84.83128151215176,0,4,1,57.26885781593729,1
Information Technology,6.820442724476674,75.46854908808541,69.78594470575918,73.85588276305693,1,3,1,59.52392583808534,1
Information Technology,7.61958163810517,58.354339683072766,72.24396936278183,36.08737780876476,0,2,1,41.36466582307527,0
Electronics,6.895829215060561,,,72.10924346581953,1,4,1,65.64435509941286,0
Information Technology,5.639203882720641,69.44863317711142,76.5400866283387,84.31273306113225,1,2,1,31.82673464482818,0
Computer Science,7.582275569767233,71.94777192901377,82.65759264462606,49.63880946729599,1,3,1,45.663467841837715,0
Information Technology,6.225235543528674,67.9593839844681,75.88951173476451,82.37588000890028,0,3,2,57.62242473720365,1
Mechanical,8.068310916762218,69.66963010164328,76.80378285263828,77.67805177737343,2,3,0,14.808933746888169,0
Information Technology,6.396690918919436,90.49936061864571,46.266652498802834,98.33672080664606,2,4,2,75.37983072689835,1
Information Technology,9.359921286021049,81.07314728352328,70.75341548748521,57.47990577475486,3,1,0,18.936909803049893,1
Information Technology,6.560096049196516,67.85953386897536,77.19261322002413,45.24300231903692,1,3,3,73.39175381796356,1
Mechanical,7.1135261805531895,79.11965871151226,80.93411791855675,58.490694031294176,0,1,1,34.143814201436754,0
Information Technology,8.476220660843603,49.512141447086904,59.61473838649309,90.84027787694522,1,4,0,51.90162618593001,0
Information Technology,6.022962820279254,70.96890574920214,60.11441087667033,32.088694144844666,1,0,2,70.38261293898859,0
Information Technology,7.772951921524955,92.13959524599665,61.38848987074603,27.76923712224142,0,4,2,100.0,1
Computer Science,9.068571305138914,61.729311569114394,78.04620849837015,66.60911502076904,0,4,0,62.32903955414699,1
Computer Science,5.571020118526527,52.285491070713725,85.50821582386313,57.03339273006519,1,2,1,20.34747343600984,0
Electronics,7.721560630238765,,63.88809839062598,65.13910207716232,0,0,0,79.07390265271547,0
Information Technology,7.811859353098108,48.655504439864174,83.61943470440573,,0,0,1,55.36163190281963,0
Computer Science,8.438187446132773,53.228571378084446,71.85219713746892,55.053751769860654,1,2,2,61.39813308917647,0
Computer Science,6.015659146946302,59.442378521149564,68.13571334256345,31.28589504324883,1,0,2,71.15726059775228,0
Electronics,5.915452064298869,43.91649471232037,66.82923655273046,100.0,1,2,0,15.492440861885717,0
Information Technology,8.126329878740277,65.23427500924404,81.19917046903235,47.04989082610203,0,2,2,60.13073695470391,0
Computer Science,7.856381607879824,78.53415760679971,74.88366725180605,45.93733180378224,2,1,0,51.80612220094609,1
Computer Science,12.62107603208063,51.38365729779619,100.0,84.86696024700673,0,1,1,84.43669812011038,1
Information Technology,7.915737851396371,87.78925885462654,57.21663035504014,58.079195821252675,0,0,1,74.54227526677485,1
Electronics,6.683970334105811,72.66188132791392,77.77152553044964,63.8589826633734,0,2,0,27.45996154436906,0
Mechanical,7.7787044365932045,80.45870878436087,62.06198485282731,73.69022223308572,0,0,2,85.25251704698096,0
Computer Science,7.851686967958417,55.132481692217944,56.960695195170345,84.50449585597993,1,2,2,68.99050176320422,1
Electronics,6.642778298368358,77.81787840599924,69.83699294447541,58.997707522728106,1,1,1,29.05516805093564,0
Information Technology,9.738929413373707,48.6209914940703,72.06028719110554,92.35913610645738,0,1,0,61.11506206985546,1
Information Technology,8.068599505094145,78.35371251254763,100.0,26.5556027227735,1,1,1,80.69652227711711,1
Mechanical,6.070435803356822,67.57759009690297,67.23781276475196,78.67617026515539,1,1,0,35.71912254853212,0
Computer Science,8.287864330360595,73.29876829977177,53.04731905772975,49.88850395568217,0,1,0,87.55154671690835,1
Computer Science,6.3303819957272145,47.36608091562722,74.09516076241579,89.70088369894384,2,2,1,29.747424517449485,0
Electronics,8.444501524490942,51.57395236585093,38.880399436804474,67.55680061894981,0,2,0,44.17545646706031,0
Computer Science,8.890314694808884,73.95842327380078,68.62064826093601,52.88770402383077,3,2,0,41.14258329220616,1
Electronics,6.515181217977948,50.77477993663699,70.24037923442741,76.93113967438939,1,0,2,87.53867463177323,0
Information Technology,8.656051355093187,71.94809438148684,81.91900574417816,81.07739024973053,0,4,1,50.17967726901606,1
Computer Science,7.995337112323798,44.49293290309632,84.6043337414177,76.55409421145549,1,3,3,36.74365994678004,0
Computer Science,8.486472191993387,77.72261319000002,62.446455716384236,46.46546768660491,0,2,0,68.90421757828123,1
Computer Science,9.776151579184736,46.51215027847236,67.740789780551,56.287691774802475,0,2,1,73.22361981185438,1
Electronics,7.205534260796555,73.28449906519285,58.508187540839934,64.92668893181417,0,0,2,73.35072189588263,0
Computer Science,6.595516602771013,74.38446400469002,53.07906167788459,64.25732625229891,2,0,1,54.57321669547981,0
Information Technology,6.432582684449372,54.54842272355638,74.64842169070951,78.49541855789026,2,2,1,65.09068602073896,0
Computer Science,6.521027658041474,73.7303985062709,50.89621677105101,28.731777814881053,0,1,1,46.99533827541429,0
Electronics,7.407477948703075,68.90663395000334,63.78059649142205,71.01788698196306,2,0,0,93.49603355871461,1
Mechanical,7.909382369779972,56.91737215710893,55.07239060151144,59.780335620140484,0,2,0,82.88410317315864,0
Information Technology,7.832028959196023,49.871679738856876,78.2452477943539,49.90698890508886,0,3,1,81.65913658081351,0
Mechanical,8.492619898843229,35.56061462491132,97.02145148899731,51.635238000147204,1,1,1,75.88231869147091,0
Computer Science,7.515602270253488,70.2447507094954,,61.138322038676655,1,1,0,70.39466611990002,0
Computer Science,9.24424089258878,41.527958429569175,42.20472275653647,0.18046811972866372,1,1,2,35.11275031700424,0
Computer Science,7.182411800114453,66.43016299161962,68.12669671974899,52.3767877257521,2,1,0,72.66602472511296,0
Information Technology,10.0,61.048276758766264,70.23546693936638,49.23533315636672,1,2,1,62.285304601266404,1
Computer Science,8.250800817318007,75.18714163157293,73.27988960135946,74.59009776780724,2,3,1,85.26728169901838,1
Electronics,6.471410932300461,60.469317507652036,63.30519227148483,,0,2,1,76.14838364764856,1
Electronics,6.214929002326666,60.05828320479363,66.99041051761851,61.12795159693118,0,1,2,71.00760940306043,0
Information Technology,8.078966898291823,75.97806056432444,75.51265615810904,92.76097929790343,3,2,2,26.31550404939688,1
Electronics,7.231844657608979,70.02587043626177,85.60646338967258,82.89832735667763,0,2,0,58.219989267830584,0
Computer Science,8.35680059291051,69.74233935774167,40.674268445225756,81.24088519898214,1,0,2,48.84215480192687,1
Computer Science,8.067885149488253,72.03901384712789,64.46590841452807,56.002296252604665,1,1,1,65.04731848366147,0
Information Technology,7.412605304811753,41.966418151893414,73.20713190911594,74.77458102721374,0,3,3,51.689034571147126,0
Information Technology,6.483847538317914,76.35183019980472,56.23035843083896,60.78983959183531,3,2,2,54.48108447813388,1
Information Technology,5.682183330376962,74.18703191020404,95.96754447650949,61.470322207815116,0,3,2,69.18067809813408,1
Computer Science,6.964182057519575,49.74975307135254,60.46885179656894,72.37433618743789,1,2,0,51.357237728624476,0
Information Technology,8.527678553188167,,69.38060969489075,54.25411540842322,1,0,0,62.43183079148025,0
Electronics,7.7569124929562445,64.41039068558553,78.34033145263436,,3,1,3,29.61176218251387,0
Information Technology,6.005113465545614,62.98254823397401,,62.11765748723713,0,4,2,43.351970464798825,1
Computer Science,7.707817111021418,70.00789949852802,42.301404282933746,76.13049019267397,3,2,0,73.12087134405921,1
Computer Science,7.9623808556746045,,63.570182096252,91.20080862663137,1,2,1,35.39615766607051,0
Computer Science,6.439371076558641,81.22650091509243,85.44160833890561,83.56976794235315,0,1,0,84.91450155205995,1
Information Technology,7.684470127134634,45.3167120985289,64.94657309822293,39.639456151570556,0,0,2,79.48798710602642,0
Computer Science,7.5698504621352,,57.30348547811532,73.00812611017791,0,3,1,54.63540129320427,0
Electronics,6.128435642603252,84.93399979303115,83.88508314254082,80.31294910029165,0,1,1,100.0,1
Computer Science,7.92934483241794,70.80212781033804,65.03837655965421,81.05353439889348,0,1,0,84.86207155696587,1
Information Technology,8.172941431641881,81.3647063777895,62.34758779524674,44.96069298593664,0,2,2,41.0144098658853,1
Information Technology,8.799661491810332,95.18405668551148,72.24184134494965,53.17336573368817,0,0,3,74.92348107400096,1
Computer Science,8.764562462441884,80.35564319160473,81.5612531442818,82.90204824334918,0,3,0,61.31726132639515,1
Mechanical,5.84679675845149,68.73962893462593,100.0,51.28831332771238,0,0,0,44.465758182811776,0
Electronics,6.374609952101853,80.6763271112713,82.40854161486135,59.60547098004234,1,2,1,38.60181713667582,0
Computer Science,8.118042320650392,67.17331749645336,87.39759949582516,93.36576457103544,0,1,0,79.89786669776758,1
Information Technology,8.11654314109465,65.35854564927433,,64.13961349307378,2,2,0,48.04109070751733,0
Electronics,8.118057223567257,59.72878646429401,54.61197841045786,51.91806551899082,3,2,0,57.96247289925896,0
Information Technology,10.0,,70.93497024428684,49.20288757646771,1,1,1,41.57948143546943,1
Information Technology,8.1850686128318,52.72357001086998,71.60754872889395,70.98894793253338,2,0,0,45.03684125402818,0
Electronics,8.86267876821672,87.98551587017174,53.82230887953104,41.00333584741025,1,2,2,57.46141599857056,1
Electronics,8.644802116191842,72.49796185610558,67.37058205143981,60.54795264986447,2,0,1,67.76364585448303,1
Information Technology,8.281669501566958,44.01040737797088,75.98976402578697,70.99814962982039,1,2,4,8.23281672897103,0
Computer Science,7.121676906431586,70.51473939487133,75.4059009252712,88.38469676985801,0,2,0,60.338395983335005,0
Computer Science,8.41076306459192,33.49960238522564,77.56431780076409,77.01586544665992,1,2,1,45.077579748299286,0
Information Technology,6.5726097425549135,74.38262025246554,74.36447095206164,52.14682787632078,1,2,4,88.0472530690045,0
Electronics,7.2158176719119895,78.27847224483486,62.394870110949164,86.21154771614697,0,0,1,100.0,1
Information Technology,6.917563742605076,56.1146606652192,62.29149060026735,59.6087293241454,1,0,1,52.81441930092569,0
Information Technology,7.598248967263587,66.85321543933374,52.01572903009186,42.757345603110636,1,2,4,25.55542878573611,0
Computer Science,10.0,94.31236150625429,96.77162558777643,61.9032555332215,2,1,1,62.33753939837133,1
Information Technology,5.2592817688899025,57.41379943607095,70.2017554692894,90.88704562062263,0,1,1,55.891413410135904,0
Computer Science,8.323512228449417,49.11638619415099,66.62720416307722,67.97432090116865,1,3,2,99.42701298002581,1
Information Technology,5.564740954572418,87.22495103693898,,65.22539355793616,2,2,3,93.33178686751086,1
Electronics,6.9336817610526795,94.43880785796192,100.0,94.46980960465136,2,3,2,77.30749941193129,1
Electronics,8.806740716360839,65.0554350777177,53.90007951665657,39.235612753020305,1,2,2,48.266118375746835,0
Electronics,7.577136022914555,80.17194553112535,,41.859215947050096,0,2,1,73.55533132361607,1
Information Technology,6.206706266484833,85.12213873296322,76.2375525442909,35.91476352259702,1,1,2,65.30012718136608,0
Mechanical,6.641635548888038,53.86273651192424,79.00319448616416,71.707667356641,0,0,3,64.82646406598782,0
Information Technology,8.31551729872161,57.72041246948198,84.36898082823527,67.99687628807224,0,1,0,28.835403028642595,0
Electronics,6.623560041939436,,97.11412761653895,92.76925461103596,0,2,1,81.23590676907293,1
Information Technology,7.75975030749837,90.27521418062764,77.59236483191069,69.38255138846186,2,3,1,62.156166566224705,1
Electronics,7.5546862078845765,73.44321290261531,54.159538000499985,57.72517112937255,0,2,2,57.9831730491085,0
Computer Science,6.7180795828730195,51.802784697469185,66.14582312317327,65.03230771180593,0,3,3,47.99687009982345,0
Electronics,10.0,94.80591667549162,74.61748558770827,67.11873353229724,0,1,4,44.12767000693245,1
Computer Science,8.260702826781614,57.03543653282053,100.0,34.90829708009299,0,1,2,66.34517162557964,0
Computer Science,5.069828896010872,59.97293328242822,49.03291782363554,100.0,2,1,2,25.01674396283836,0
Information Technology,7.7237451777233135,70.13506751734432,88.03864757837842,74.35767832583441,0,2,0,75.78997519300086,1
Computer Science,6.705856242277934,88.31240631072161,72.69871554319626,68.7801495444066,0,0,0,38.91789126008629,0
Information Technology,8.52292000175547,77.80963964828335,82.5674580284422,76.07295171701445,1,1,1,18.82638627589416,0
Information Technology,6.5489751138807595,71.22298250542866,68.47007925046103,77.76939765055889,0,0,0,96.43790631852042,1
Computer Science,7.362316270239721,71.9493279517716,57.363510548105104,62.47003726095623,0,3,2,42.83825901308843,0
Information Technology,8.105984734776548,65.65272002965199,81.26309169101998,53.63765954766739,2,1,2,45.55681676956609,0
Mechanical,8.538906233004147,73.37209271777759,79.81646540658431,75.79011235379068,0,2,1,82.69076662016148,1
Electronics,6.059644311533068,27.056598834585454,84.58085448609583,71.94279512956615,2,1,1,97.08861801033282,0
Computer Science,7.098598516990862,60.55088811395302,69.80043046932047,50.421978216390656,0,0,1,29.339968427931396,0
Information Technology,6.9300656266068525,68.61982902375172,61.00266965020226,90.54264100461076,1,2,2,40.87663879498661,0
Computer Science,6.716004920911546,47.73478874570739,46.61819507464238,70.2803366538137,0,0,3,42.34642355678807,0
Information Technology,9.618545088337315,70.7948497671734,82.2905990220911,78.13674852081735,1,0,4,78.69603325391309,1
Information Technology,7.985978053153147,61.932931685208175,76.3583422366598,90.05457597823855,0,1,1,92.78264255859067,1
Mechanical,5.986939254797946,,55.51326050704061,65.39399878096702,2,1,1,38.394948768438425,1
Electronics,8.601434336465731,88.59529587822286,61.92139490055064,70.70513612571408,1,3,1,88.2949067593644,1
Electronics,10.0,58.012916463227555,62.99861782072839,79.5804902931101,0,0,3,45.81931776942596,0
Information Technology,8.738958312661376,62.73743432649957,,51.95250049159906,1,3,0,66.72245805891144,1
Information Technology,5.676756040855184,63.89078651587411,57.73476405092299,65.97292993122802,0,1,0,34.570926011443646,0
Mechanical,6.9189191125604985,58.22510785760566,52.99254464790469,67.25987455972069,0,3,1,57.56139172836004,0
Computer Science,9.020293379023947,67.9253747604219,63.81281482168095,47.790946069698904,1,2,1,57.777745718545674,1
Computer Science,6.650796641257463,53.625768966686145,58.91953752505656,100.0,0,3,2,53.69683387369453,0
Computer Science,8.032583313775474,48.0407699759371,45.59492618699877,39.668718017136754,1,2,0,67.69941962639395,0
Computer Science,8.429560864115205,74.34066835850403,100.0,41.63412973363116,1,1,0,39.85938270294948,0
Information Technology,6.3876834341063,74.44294376332716,88.78811096543846,88.65607836266443,3,1,1,42.32553403626317,1
Computer Science,7.42856957272584,52.93526360510011,58.314708677200215,77.83879251433777,1,0,2,68.75744289898711,0
Mechanical,3.610479191917113,78.430331461439,74.08632094980415,46.532633285346,1,1,1,86.84070661951458,0
Information Technology,6.270734830398852,55.52633406252003,76.26197634731943,,0,1,1,59.54372611904154,0
Electronics,7.196918218328207,68.79747857056972,87.86628782160216,91.42130800995157,0,3,1,70.07341546924344,1
Electronics,6.002660181642181,77.30516018918684,57.72092460009882,64.45526496325425,0,1,1,75.1616002059468,0
Electronics,9.458893564717963,64.49581152944431,86.3816017597364,100.0,2,1,2,76.61010377266983,1
Electronics,5.783830346447241,,61.78142043689597,33.96688740437536,2,1,2,40.92950548326723,0
Computer Science,6.97194661596362,57.25355534168642,49.9620639374708,77.48882216946383,0,3,4,44.45979539590192,0
Computer Science,7.656888692743309,62.05300124857854,80.86204838971746,85.99751005197805,0,1,0,46.1985081211293,0
Mechanical,9.229527946879339,61.9121085367949,89.36137636183642,81.04419022889444,0,3,1,98.57267601787929,1
Information Technology,5.776965418584672,53.80132480189641,100.0,61.32159692037833,0,3,0,70.16385878343809,0
Computer Science,8.895796502585952,62.348387553263265,52.004121023646796,59.77205332379931,0,1,2,69.26631440770034,1
Information Technology,7.512279673223505,41.7707255170438,80.48379527621184,72.99461307957063,0,2,2,67.32471506367477,0
Mechanical,6.322189618742459,57.63269379286843,63.85298134309701,79.68358075973725,0,0,0,33.58413192761002,0
Mechanical,8.054524169115926,60.726867599454934,81.75038065786048,75.84452185308254,1,2,1,98.76380941554078,1
Information Technology,7.738871634688164,61.157303712569295,47.942656731531244,83.72104203428101,1,2,1,69.5837506157392,0
Electronics,6.7797397474094465,61.377538311938316,,46.66034077279877,1,2,0,74.46320225309906,0
Information Technology,7.583762501988023,64.07353700209806,58.36187765250274,60.90012237577458,0,0,2,24.68957422168396,0
Information Technology,7.037623683765888,72.19162277129095,71.18446068502126,48.07971322177242,0,0,0,75.59287704723036,1
Information Technology,7.636220814301498,78.11775611198784,60.38378100192467,58.04997003044945,0,2,2,52.87575099744746,1
Electronics,8.294556809425256,55.25352159727599,79.88581515870129,83.2739760526575,0,0,1,33.544340505475255,0
Information Technology,9.403220179374422,46.951987169162834,85.40341927386872,66.94371057305412,1,2,1,40.92472668256405,0
Computer Science,6.014621401407781,49.36933381635345,78.99366311868033,100.0,1,1,1,34.70211583093268,0
Information Technology,10.0,57.69195618207609,94.28181459491302,68.48131460941491,0,3,3,34.36431609770779,0
Information Technology,5.157494640572998,59.72118023275237,76.23739944183015,66.07445385043525,1,1,0,61.2109564072842,0
Information Technology,7.3178578859573005,53.45005900703814,51.746549344897495,66.9112925499239,2,0,1,52.26474422536698,0
Computer Science,8.205980647781491,45.558250036251586,90.45064770307509,53.51944352852115,0,3,2,66.68138724322775,0
Information Technology,7.837190241282039,58.15818758788718,60.92265646591004,63.95894097720331,1,1,2,93.51951742136009,1
Computer Science,6.752760576215287,67.72139930170957,83.65627749528355,85.30018448800962,0,3,2,57.40992572745325,0
Electronics,7.25025329957127,73.92544198753347,93.60601324832659,67.0514720262999,0,3,2,15.102214120831459,0
Information Technology,6.9083988784094,56.63865420337518,76.85032016095599,50.71772486209751,0,2,0,55.16083576904367,0
Electronics,6.792762291666946,58.80503266784849,47.55761780253025,48.348476831384566,1,1,1,83.86788872795744,0
Electronics,8.51952251642523,51.09952536729034,56.22681750235313,56.89636595001482,0,2,0,58.281210550063406,0
Information Technology,7.928418583158057,64.52841244437835,89.84116700327704,66.32954181939584,3,2,2,90.58661307383404,1
Computer Science,6.668508485687215,52.27357048713778,67.46315971535775,86.48455763857271,0,3,2,69.05883186275638,0
Information Technology,8.579519850519901,73.596917198618,71.19360302413249,40.87120445540414,1,1,2,23.234605312052217,0
Mechanical,7.868759425051931,38.21200262098833,81.38236624245414,59.24312699800239,2,2,1,62.19164500876717,0
Computer Science,8.475434542606752,59.60555491321307,80.44484293120485,67.59758034983142,0,1,0,65.94002588529457,1
Computer Science,8.255554610308335,69.51661008787613,74.18199718578191,31.993296182670168,0,3,1,81.60711602547288,1
Mechanical,6.505205986893513,67.75751774483757,66.86997443169301,49.99523090660468,0,1,2,96.39273143223137,1
Electronics,6.827782751763636,100.0,65.30997331401464,52.762006284748644,1,0,0,78.15451039417398,1
Information Technology,8.396752326147913,70.24700036851861,,50.672533270691034,1,1,3,68.80959594774434,1
Information Technology,8.232444318520157,49.93918104736985,78.3035429660169,68.45401181038966,3,2,0,73.52376543156693,0
Information Technology,7.474918087243022,63.5680362936639,66.14049999073316,62.10992702896765,2,1,0,56.63986387100865,0
Information Technology,7.640792859970539,38.35630499800322,86.23168469489711,55.004850153181344,0,2,1,30.74244326385142,0
Information Technology,9.03319787494611,63.791003760548584,68.06448827305324,72.70332727794742,1,0,2,60.82992172445721,1
Information Technology,6.790114333397004,52.50415914498862,57.2250673849841,96.01534491763249,1,1,5,67.30580654917812,0
Information Technology,8.156516857404045,78.73085413340243,58.61543951644983,94.50661730135154,2,2,2,35.92684748176154,0
Computer Science,7.257368817079327,56.756895881066974,55.31888745535351,30.390108102877946,0,2,0,86.53243278999884,0
Computer Science,7.238782556127336,63.2485112630713,65.91384975094469,75.38729930903251,3,2,0,80.10822030964863,1
Electronics,8.81853222238463,55.46663237893395,88.5058641750429,61.795580778850905,0,3,0,32.564771694242616,0
Computer Science,8.490499618785636,91.08277027779997,57.92357228454237,67.79279617157641,0,4,1,87.31664577579748,1
Electronics,8.476211563200767,60.18135850823133,72.82713641527154,57.83090539623412,1,3,2,53.83371261580306,1
Computer Science,9.066574568585194,92.48835565218803,60.149659815588805,,0,2,0,44.43016869763303,0
Computer Science,7.525204609959311,77.212276431774,66.09536438092843,67.72533312929633,0,0,5,81.58555385493052,0
Computer Science,8.318343565553956,,47.34938182022122,54.57886836771938,0,4,0,58.978911744798836,1
Computer Science,7.127679892087853,70.5309972097628,66.69192656265194,48.86538413914675,1,3,1,97.98370641673739,1
Computer Science,7.88899962298613,70.90695947324377,67.09441930292557,56.923477712849284,2,0,3,42.94223912226498,0
Computer Science,7.343828334758778,36.08491130981585,78.10431916053543,69.21666676022178,3,1,1,25.366849520546907,0
Information Technology,7.616395157991262,60.81674908773865,73.34921369883055,75.78193415031676,0,4,1,54.39123437667717,1
Computer Science,8.214188430524297,77.67736956776483,52.024118125719326,80.36028159212263,0,4,4,75.78444998120946,1
Computer Science,6.518135180119833,64.26654224788842,86.26297366065315,56.10457958479557,2,1,0,41.457140289289136,0
Information Technology,10.0,43.922152297946376,73.15454560332994,70.10920221144926,0,4,0,33.39799234400242,0
Information Technology,6.292779142200358,64.21393324133795,72.9759027576623,82.32504665515937,0,3,2,64.57854805405508,0
Computer Science,6.042973664654721,90.56158274383237,69.86226469922292,85.9807081125943,1,0,1,30.72625579664967,1
Computer Science,8.889733048200082,83.70337573302079,62.23363829166671,63.941008625632605,1,3,0,66.13385399226827,1
Computer Science,8.449995232755523,64.06993985950952,73.26703509623088,61.023228951086985,0,0,1,53.18753897543646,0
Electronics,8.248943780462586,79.2717391558713,77.13382653892873,68.44023620905506,0,1,0,69.88932976704747,0
Information Technology,8.254014611117135,59.50239469447922,43.79656462981668,44.3052654878467,0,3,1,32.32342392150797,0
Computer Science,7.485303872583702,39.441926197599216,61.91858743980856,61.515028801360856,0,3,0,85.96326302887807,0
Mechanical,6.423294754217002,51.133010178056686,66.17579544394616,78.40255517251634,0,1,1,56.3393103001262,0
Mechanical,7.590965469832471,88.44333152762297,73.84255908541417,76.55504832998662,0,5,0,75.27045335809646,1
Computer Science,6.687405946185466,60.89010377256044,87.89966508890689,60.13518312145,0,5,0,79.19750922569779,1
Computer Science,8.670143680101301,61.34924030937473,58.423887781048265,68.918927619569,0,2,0,36.85110095268088,0
Computer Science,7.323531142197433,60.502427055876794,62.53057229773237,50.15629387476762,1,0,0,77.64515019216152,0
Electronics,6.509403363848986,93.56204884359511,62.311988340301745,77.66285866805045,2,1,2,31.498664497113488,0
Information Technology,7.114336990016408,89.38938373043095,57.97708614843188,63.599214149543485,1,4,0,32.597245144802145,0
Computer Science,7.9955177451307495,98.281703501722,64.79220257331606,60.03287386946952,3,1,0,99.27998471976869,1
Mechanical,6.82353053663523,62.61432184399923,81.56203329981956,58.48897095031904,0,1,1,82.2370673759325,0
Information Technology,6.513335525320282,69.43436733120643,54.19246756953481,63.867910395802554,0,2,0,100.0,0
Information Technology,7.792424653790294,42.250361758688136,76.41721592729355,56.93820239122474,1,1,1,52.59571938784179,0
Electronics,7.793959885330468,87.15401639177412,44.471466549724965,76.84657464804614,0,1,0,62.048573281560174,1
Electronics,6.891668189554644,47.48330673098098,61.57993005336691,57.88489613570875,1,2,1,70.54709493504727,0
Computer Science,6.934754033258013,68.25163345643944,65.05766049673021,93.67335372849286,0,0,0,59.75608866812211,0
Information Technology,7.778459924829163,48.540462085507336,95.12289509371097,91.37378906266486,2,1,3,45.077279586081914,0
Information Technology,5.762298790203211,56.16699759891956,65.87796542870969,48.95221718261892,1,0,1,42.07830604239902,0
Computer Science,5.8110434707481335,52.441063534254496,36.98134789823622,66.25467684972705,3,2,2,64.27724465657899,1
Computer Science,6.637866934497077,55.881871089862734,40.01666639708125,53.28818081594849,0,1,2,38.6628031667539,0
Computer Science,7.243863417945783,56.91315945276532,70.51044379520022,59.120343862605,0,0,2,38.10273015266295,0
Electronics,7.873089078717605,56.775968076123846,79.20656283684863,100.0,1,1,2,67.87144022309185,0
Electronics,9.270427460339462,77.50000867670461,75.6318378644088,59.46371449191562,1,0,2,58.096812970287694,0
Electronics,8.529191547842423,48.4270581040622,72.51355158701486,71.48406866739371,0,1,1,78.7441254116337,1
Mechanical,7.308073764043887,68.308121405208,87.433893962585,74.743783292149,0,0,0,51.50177179834316,1
Computer Science,7.477180550516773,83.26938728458337,61.90613168894303,46.98867129530167,2,4,2,48.37488100048929,1
Information Technology,6.296964762434629,57.30205453229906,83.42365834040238,49.60828146063431,0,3,0,68.47106792070942,0
Information Technology,7.477784236809132,54.23121663878597,45.51977672460374,43.291597314653856,1,0,1,43.75950250892346,0
Information Technology,7.153609633295835,61.542130622296234,56.42578250592901,49.05252678984001,1,4,2,46.837445488866294,0
Electronics,7.8872622724057075,82.69587812541066,42.89437907602276,13.69945803229072,1,1,0,47.6309121924117,0
Information Technology,6.507322867737212,67.91161446430037,65.87732048995312,,3,1,0,55.80595787408894,1
Information Technology,8.123215817089406,57.03178558088602,69.30608174100486,100.0,0,3,0,95.44873086591805,1
Information Technology,9.339286695603093,72.2581497678206,71.71152238339779,67.66077330265749,1,2,1,32.46422350085686,0
Electronics,7.369487821851771,48.46561775245365,70.92825029330703,39.50716053186907,1,1,3,85.91015164234918,0
Computer Science,7.98205406651873,75.22039265664422,56.08670003782408,53.43002510780094,0,0,4,74.75573512579834,1
Mechanical,8.328172790053335,71.12910961552652,67.14638733380177,56.740216789550054,0,2,0,91.33957694739986,0
Computer Science,7.0185354337369965,60.38287293291674,47.53829997091377,46.68347401015924,1,4,3,100.0,1
Computer Science,7.7689109781725,52.421213023291536,90.44843462698375,80.48328749111282,1,0,1,88.62906041575711,1
Computer Science,7.5151108809381535,51.69978616574814,65.44560890652998,79.58468079875601,0,1,0,78.51333895815722,1
Electronics,7.617211318258598,73.02226004518866,62.66670821434463,44.20186771128212,1,1,1,33.75007296749964,0
Mechanical,6.57238825937344,83.43470753733592,93.83410492666124,78.05145880005514,1,2,4,36.27555476977914,0
Mechanical,7.529412209110731,55.44038379456808,51.36630199676156,92.48262794439077,1,4,1,67.20380368730443,1
Information Technology,8.097597949494538,71.87580055327227,53.11619328952047,99.24604769413207,0,2,3,26.038477041608708,0
Information Technology,9.24137232935405,33.69459472096897,53.556695126971526,100.0,1,1,0,72.30878502582439,1
Information Technology,8.651124991302249,56.230734040142,68.98192927450778,48.76413231002245,0,1,0,17.30156218477977,0
Mechanical,10.0,64.53411600693647,76.47447444456397,100.0,1,0,3,83.0446677112923,1
Computer Science,6.579182924534341,51.354748745272495,81.09513202176751,,0,2,1,53.56599376132803,0
Information Technology,8.546784764064814,50.95240437815606,100.0,54.335621803150744,2,2,0,62.53193890940378,1
Information Technology,7.720010406886022,54.98330665296671,36.258513186988544,70.88730274780121,0,1,1,45.03255407159035,0
Computer Science,10.0,69.38289092489559,79.13103383686625,54.52289598632578,0,0,0,22.029471795548552,0
Computer Science,6.5300420575738185,62.19006472390438,61.64304141141653,,1,0,1,84.69390558388524,1
Information Technology,6.492333789383069,31.426531500125417,61.2037727666684,41.23861062072857,0,1,1,86.71402789909428,0
Mechanical,6.780728825467174,33.18949771047401,60.70341807619184,60.702453162858184,1,0,1,52.97024469592604,0
Mechanical,4.951325130828232,55.89702233214237,56.3684549378804,88.14048021851023,0,1,2,73.23859129468016,0
Information Technology,6.8690939739830865,71.86529879080328,95.26787251905178,63.972896754239194,1,3,1,52.18217159579192,0
Mechanical,6.5890408061355625,23.78742735912148,82.63445990520854,67.54872416131789,0,1,0,65.76979688532492,0
Computer Science,7.680472543771449,57.50404735772554,70.34793967836062,73.5546548849116,2,3,2,75.1827839784022,1
Electronics,7.910107170932592,57.106282152238684,90.265236287305,86.07190932771789,2,4,1,71.10169849147746,1
Information Technology,9.751405007059063,85.82506667312671,47.31206552051687,35.20595518059021,1,0,0,86.8193922681869,1
Electronics,8.64050860582326,59.22467282430704,50.039423030036104,75.52143293307383,2,1,2,70.37761351410671,1
Electronics,6.807715613205116,70.74483477111393,37.330484017079684,60.17349549364826,0,3,2,60.561692340771906,1
Computer Science,6.421902394381971,67.11885710131195,,67.99948211561309,0,0,2,44.77162064245156,0
Mechanical,8.090303005807806,33.04150280289199,72.4254779005713,84.07910305572277,0,0,3,50.429892393521584,0
Computer Science,5.915720151575229,76.52310824947605,71.54287866898501,,0,2,0,76.20102793450032,0
Electronics,9.697750519025224,68.23094758184432,72.24012866589821,46.77240005402439,0,1,0,29.96346962171763,0
Computer Science,8.915328144865544,72.62402959511884,48.83414753400877,30.162260725151487,1,0,1,82.11614606825593,1
Electronics,6.936989217474355,100.0,82.04732113921033,55.115139048252026,2,2,2,54.377125479709335,1
Computer Science,5.444238565090947,33.73830590752117,73.59441277358496,88.9477821988187,1,2,1,43.6278819118422,0
Information Technology,9.124646848998497,90.87044974641663,80.99581422198997,62.82943060747755,0,3,0,38.025516464370654,1
Mechanical,7.362552185696859,60.688287208994666,41.60856733614922,40.87775187821386,1,1,1,73.48735571296774,1
Electronics,8.985379574368155,69.30993356604515,74.67236288196685,56.257782597649154,3,2,2,59.70717292393363,0
Electronics,5.58668680944676,64.31731632048137,52.183521401237094,38.21848933716878,1,0,1,91.7753044645964,0
Electronics,6.780749972455473,,64.04015121172957,44.74665016883909,0,1,0,34.73848698948158,0
Information Technology,7.50629243966182,56.45250607641862,78.01547347954575,71.99874038474684,1,0,2,48.43672753876274,0
Mechanical,7.55637671251769,69.94263103359513,71.3664040938387,43.87028012649148,0,0,3,58.15557683745173,0
Electronics,6.959921434224908,42.24239454992481,57.22690030331022,85.02741749365943,0,1,2,44.96286512060132,0
Information Technology,8.247419918816998,76.25868751282648,70.09409734276628,63.71983476505395,1,1,1,60.12237328283606,1
Electronics,6.218855484740887,58.757083926721194,47.026970271345355,66.54070467100145,1,0,1,66.39001532831038,0
Mechanical,7.329144617974448,48.048959914394636,87.25401093847444,59.98928658305791,0,1,3,69.68968478259481,0
Electronics,7.644354758054279,58.24980713006279,66.92073970755624,78.91126109378702,0,0,1,90.12334261768922,0
Computer Science,8.117326600870499,83.85723825293859,86.7782491638299,79.09687797998619,0,1,3,33.93055142436839,1
Electronics,8.353937853706668,56.969973694756646,62.10202469355936,71.03097833441909,1,0,2,66.75520639870622,0
Electronics,6.150429489794557,70.3768042731443,62.14636017390126,75.16620390633766,0,0,1,47.06114360823667,0
Computer Science,5.659062995117253,54.0356558642679,58.5371982004323,61.18238594143234,1,0,0,68.6002676004717,0
Mechanical,9.033212186278211,76.36882774885429,83.14260897539613,74.75965412436287,0,3,1,68.62664372706094,0
Information Technology,7.89877681437551,75.28261608185306,59.35853264007286,58.91820004147148,0,0,0,40.26161233535338,0
Information Technology,6.601816156132136,,79.66893148622765,65.04016919892324,2,2,1,41.97695314731825,0
Computer Science,9.361382370627027,62.36654081751177,64.26321403496064,60.05641251140665,1,1,1,70.23286126939149,1
Computer Science,7.63880956115143,75.0298220713686,40.3605505016257,56.77006629225448,0,0,0,60.46809021488261,0
Information Technology,8.915156620876592,66.47101309308417,61.44528898320301,52.595987641007774,2,4,1,55.607563185367916,0
Information Technology,7.581022177692131,84.43807672794522,52.31337678455727,73.41842186945993,1,0,1,73.15973659549947,0
Computer Science,9.972897509858385,54.21751418586904,70.50854085523507,88.59090643064233,0,1,2,74.63436951724263,1
Information Technology,9.606409010931845,76.17507969315922,52.14388396488265,86.07983549005208,0,2,0,49.407397745965945,0
Computer Science,7.201243021825112,62.079540558249775,83.88962651071925,42.38182395298216,0,2,1,42.95893724715,0
Electronics,8.665885141145226,64.03717734337253,68.6338620947046,88.20565492532371,1,1,0,34.76162046324716,0
Mechanical,8.274451139502178,66.3762872667256,67.33606007861891,59.27314697087728,0,2,3,60.6690824040297,0
Information Technology,9.142357869038818,68.78360594640016,79.83838206681374,75.81319427262065,3,0,0,31.536794457028705,1
Electronics,6.342091847303875,63.25656435317063,84.45860401113794,48.6881240231502,3,3,0,61.98856916458068,1
Electronics,8.323261751998126,68.22069774755789,69.69851872345522,67.5556384497321,0,2,1,84.33673582848878,1
Electronics,8.770109384219506,88.67177086343277,58.43199550676064,70.64701729214433,1,2,2,52.93080459427431,0
Computer Science,5.389512616292263,79.78174528422828,43.390455758318055,38.27711374544625,0,3,1,49.27591438919673,0
Computer Science,6.0800897848010695,78.03731888745345,59.7092536444723,75.9488089941954,0,1,0,99.9568954725429,1
Mechanical,5.0529213866878795,58.16690710964194,60.741816300280576,89.22683014108968,1,2,0,90.19403638375292,1
Computer Science,7.176711798666531,51.66138757657513,71.60586179488445,,1,0,0,44.708042588891715,0
Computer Science,8.361050706955155,79.3295083735663,64.82279678292959,89.48302635490423,1,3,2,62.7802636211795,1
Computer Science,9.302828462515233,78.14070188794692,80.31899458077142,61.58551711785667,2,2,2,66.57356484696166,1
Information Technology,7.58891373650373,87.09006013626473,60.80525093093966,80.29252155883911,0,2,0,64.07320845452357,0
Information Technology,9.45433865468555,55.94029061046156,69.14438249720587,25.06574061288021,3,0,4,96.29346895425576,1
Information Technology,5.84387825014213,61.55677016959479,87.75981164795334,100.0,1,2,1,61.74459784838841,1
Computer Science,5.455941072773815,40.407737562118484,75.1273782093245,91.91824841437322,2,2,1,64.74469751262033,1
Computer Science,7.433342761324058,59.11293340908691,69.09943687467153,59.87674092343378,2,1,1,73.77324590292832,1
Computer Science,7.960878538727169,79.94855765869171,60.97083337097234,29.502397520411275,0,1,1,83.79839432095335,1
Information Technology,7.460766302287088,58.002569311577034,60.50152904927534,70.1845106294988,0,1,1,78.73798388608212,0
Information Technology,5.019069479952148,74.60719692801236,57.240801205720786,39.00934015267238,1,1,1,70.76169572623279,1
Computer Science,7.393055952584654,62.14245341003283,61.88489701325651,73.00736367603479,0,0,3,28.826003892121832,0
Computer Science,5.934636599394176,69.86085542332341,81.33498758116473,72.40818294495708,1,3,2,50.23724551883148,1
Electronics,8.303607058596047,47.78462915276499,66.67167593061598,48.054742957963555,1,1,0,76.38842414410541,1
Electronics,7.939917895316218,66.27814174450852,49.753403959281535,85.17740642505879,0,2,1,65.00797394558612,0
Computer Science,6.372144256407173,20.13296043648915,96.52253939589676,79.50034465051112,2,1,3,76.52257267645903,0
Information Technology,6.883359699195967,62.19655762757023,74.79947786717744,82.56482007119413,1,3,1,97.74332123342496,1
Information Technology,6.228943773733258,40.5429013442729,48.89584899230246,65.15943866604012,0,5,0,36.46073589881351,0
Computer Science,7.4247850832721936,83.08991774820224,63.372266091387644,39.52056679555328,0,2,1,82.75820349609168,1
Mechanical,8.646170784601486,76.66111029146766,71.66329574242627,82.60170089980048,0,1,3,53.39273075012738,1
Computer Science,6.317128744397348,72.00006472949121,95.56888139946065,60.13331481555576,1,1,5,78.70699638549465,0
Computer Science,8.104855818621413,87.81509340739069,53.378313126116964,39.98395742253196,0,1,3,59.17558513263765,0
Computer Science,6.863690857953071,50.766252187627444,84.6406107903392,89.33670858753787,1,0,1,100.0,1
Electronics,6.548552601285187,91.21044796873338,90.99229640458515,100.0,0,0,1,62.60173872523476,1
Electronics,7.371563568054531,78.98287346390578,60.57018542388145,64.25753367837434,1,2,1,47.18971551288039,0
Information Technology,6.257709213096751,61.45167069171581,65.8372957170965,100.0,2,1,2,68.39749245583535,0
Information Technology,6.8356208335833815,82.03430220774416,,66.6436651150043,1,2,0,66.4788556143654,1
Computer Science,6.062546528893382,48.40559731382549,66.94808288379542,58.15179372500568,2,5,1,82.76194188220896,1
Mechanical,9.857670159499667,52.632287577084895,69.45115038485604,53.651747824661406,1,4,1,68.9610559720985,0
Computer Science,7.542316262366074,,,94.46748334386936,0,0,1,100.0,1
Computer Science,6.660329390408897,57.06533437903977,,50.957410135020105,1,0,3,57.771917291954544,0
Mechanical,7.756775892881066,49.15163535859621,58.7785590306753,78.23484757954978,0,2,1,58.007601004390516,0
Mechanical,7.365206340371005,83.34624600642988,,54.93505096893425,0,2,1,47.922278998938914,0
Information Technology,7.234836480560133,61.117183994452525,69.68132831085637,56.71447827366146,1,2,1,61.71336676708354,0
Information Technology,8.237000040052111,70.2875745253532,74.40306294952961,83.5444944914522,1,1,1,64.62118242165907,1
Mechanical,8.409009252056766,56.44472950379479,73.74126531527563,58.15933676679163,0,1,2,65.62421059911755,0
Electronics,6.863398622867367,37.69095049177224,65.09990128736435,57.71368317043472,1,2,0,61.34375350987998,0
Electronics,6.809018111226384,69.05086037587134,71.87128149495902,85.39048454914654,1,1,0,47.80357566545403,0
Computer Science,7.169937963418027,36.31617536870335,92.73167212528371,93.75315127798922,0,4,3,42.366697438352894,0
Electronics,4.7376946023172986,63.97048930871797,75.72601253443764,76.6044164591162,0,0,3,52.49652550328887,0
Computer Science,5.681770725361738,44.47527441750784,,53.214144038768914,2,3,1,82.83075320470228,0
Information Technology,9.14024912093343,94.80913998846212,62.49703274356007,55.80904701264357,0,5,0,87.13599370982959,1
Computer Science,9.473961256201541,78.67044083262083,67.45221463483404,,1,4,2,58.4607092711913,1
Computer Science,7.201156752532346,,94.5510994274596,70.77674111466183,3,2,0,41.1683406706515,1
Information Technology,8.19186835566692,83.95560016482003,67.25048935710704,,1,2,0,58.37652779366418,0
Computer Science,7.873500185452244,,69.70308483218938,78.01468291243755,1,1,1,100.0,1
Computer Science,10.0,,62.765296435955456,66.53923993351279,0,2,1,79.97935670633241,0
Computer Science,8.843489893721491,67.99715650578071,86.48475036162947,34.117250264513665,0,2,1,71.01485383065095,1
Mechanical,7.346498890223081,68.96030122000505,99.39755882117012,48.279323315706854,0,2,1,79.25369834105139,0
Computer Science,6.353351471279489,84.08530250160152,76.75919574147082,55.92568387427006,0,2,1,90.81133222682625,1
Computer Science,5.572264415690913,75.98738154169703,71.24159355678138,63.68856160086101,2,2,1,36.94267596905761,0
Information Technology,7.744156363040668,69.33085494237535,,99.00701831907193,1,0,0,52.15920262605754,1
Electronics,6.592379105658836,40.176688456575555,34.23539816821381,69.28708351051331,1,1,1,49.42556734326369,0
Information Technology,5.793295548482791,50.59930557080804,81.17726296427226,49.86610598182475,1,0,0,71.74228794141966,0
Mechanical,6.724112538908968,63.15936599606414,,68.97135447752893,0,1,2,63.20221781279194,1
Computer Science,6.202142395662726,66.40058561414976,76.42513075991087,58.662420545830145,0,2,2,75.12622581378817,0
Information Technology,9.524569962087078,48.046944129891145,59.328067088744426,70.84564831160375,1,1,2,49.86225300265554,0
Electronics,8.55796770833934,100.0,64.23314681534363,75.45021836664107,0,1,0,87.43904101358314,1
Information Technology,7.490432830420059,87.7459108288036,63.834625952452406,86.76615165003088,2,2,1,58.61332583701397,1
Computer Science,12.272915808530662,74.03177480588725,85.32434476109559,64.56284307793953,1,2,1,73.89091103916365,1
Information Technology,7.592841969177142,66.08055291925618,64.3186024509536,94.501289496797,0,2,0,83.9081299784588,0
Mechanical,6.466458958406084,61.81686545148272,100.0,81.34440792565145,1,0,0,82.30248630989936,1
Electronics,9.327748892723589,50.72122309966647,76.46293628522557,52.26608819338062,1,1,0,67.21656816803593,1
Computer Science,8.14669205242159,66.16220777778294,50.864760100064025,,2,2,2,76.38693812765091,1
Computer Science,6.255304614808252,68.86628810214125,68.07180560122065,70.88590123886176,0,3,3,94.83321327944573,1
Electronics,7.27159358629967,46.37359136777563,60.22487316765377,49.96775892849976,1,1,5,70.27202467949391,0
Computer Science,6.4492580959382915,,37.08426295269964,94.75243492214759,0,3,2,45.4070719587684,0
Information Technology,5.8406403228427966,62.67111426762877,93.99206410170684,100.0,1,2,2,71.6610146192777,1
Computer Science,8.61141305703797,36.382886631839135,80.54713813330005,64.4055452530479,0,0,1,59.25437563960819,0
Computer Science,9.791299968564157,52.09422483830747,77.99810976848968,55.93429531323927,1,2,2,13.039977311913127,0
Electronics,5.8217189114170305,58.79591699867534,72.48105490449556,61.89725076583409,1,1,1,69.23996047406185,0
Electronics,8.175563084028685,93.31531486010284,49.269736469613434,77.8651710953186,0,2,1,62.33301300031214,1
Information Technology,6.719228917053807,73.34829686800637,62.74574290666845,88.00141979054925,1,2,1,83.12835542994877,1
Computer Science,6.915449539482364,44.967776463501636,82.6267116217602,75.26877195554432,0,0,1,44.998126850233874,0
Electronics,6.789127290913357,72.29054434126455,54.23169955326246,66.83101775249186,0,0,1,29.88580675241385,0
Computer Science,6.463211076384221,41.790440165924515,32.023460256237804,91.9642118654797,0,2,1,63.37361718821019,0
Information Technology,7.558225953533793,81.2403658083061,66.5934098832861,59.3689434850726,1,2,2,67.60354775210892,0
Computer Science,6.502859860306755,57.93313022273182,67.87363668958692,83.55654809060432,1,2,3,61.87665890771138,0
Information Technology,7.824548190935807,63.59545716891244,72.03345124622064,59.814869629676984,0,2,0,60.41417367370807,0
Information Technology,13.41126328802052,84.88694971313286,,72.75841324419608,2,4,2,38.62546091587347,0
Electronics,7.2132623437603085,45.69254647123625,79.56408718346813,62.955873833771875,1,1,1,57.22165726050154,0
Electronics,6.4109236055500824,44.04322722330513,73.88154707865883,63.994660712249406,2,1,0,53.0318834099117,0
Information Technology,6.807874403318,56.246010104809926,87.93297082130064,58.20704268568022,0,1,2,81.45417481534881,1
Computer Science,8.406469470990908,80.57568276528976,47.21545328780028,89.2073725612525,0,3,2,67.58650728061228,1
Computer Science,8.101100625149257,42.20980886784736,77.56872721716086,51.807331314046365,0,0,0,54.4400575650961,0
Computer Science,6.326933706241738,22.517666028341456,79.39807545005414,51.67581945412325,1,2,0,94.47769752845531,1
Electronics,7.619198766515071,58.23261712386502,51.40656570879641,100.0,0,0,3,54.62184647569981,0
Computer Science,8.401664548046147,73.27611199866381,47.45694086976416,82.60125616377796,1,1,1,71.15573447772326,1
Computer Science,5.496713662654354,83.00392624608244,58.810868102865975,22.067953423525346,0,2,1,56.66157332821435,0
Information Technology,8.152032230855921,58.05257956871902,60.07687836227062,54.825342694212736,0,2,2,92.62305030056008,1
Computer Science,6.704851489264984,58.82860089325996,81.30129195253646,32.38419192388302,0,4,1,61.73719551627222,1
Electronics,8.184718402311791,82.30851101383621,60.78191824463357,47.88756751852541,0,2,1,62.328284557813475,1
Information Technology,6.58408901214898,36.95387450456869,57.15477222578194,8.506736007787286,2,1,0,57.20259282454573,0
Computer Science,5.334141479202577,59.17218837225486,60.82549394958161,62.53418760150904,0,3,2,63.9302385200243,0
Information Technology,5.546949074540205,67.85635834887587,86.77948501231317,44.44504725509639,1,2,3,83.99075677295819,1
Electronics,7.557701935993658,,70.19565061565429,66.07829462233589,0,4,0,76.91687689369375,1
Mechanical,7.811667002065779,57.35289960213676,67.31123461964631,35.74781734011455,1,0,0,60.56152362232342,0
Electronics,6.414820049874709,65.51661517558762,68.34991751948422,66.49241335709672,0,1,2,94.02650212913308,1
Computer Science,8.266310950532848,27.67508969880516,89.38090501489783,57.53150699383411,1,4,1,77.45971282685139,1
Computer Science,5.506175925277248,55.126273814992274,58.76242410095137,92.03515337339472,0,0,1,51.23637761605301,0
Information Technology,7.42070424162322,71.80263068831701,89.73262436410155,90.40442351142124,0,1,0,32.39303292532125,1
Information Technology,6.046780560285052,50.265589486179806,73.15744448382256,79.1362208541851,0,1,1,51.699723964068596,0
Computer Science,6.717796670637409,65.88476332384396,67.59370927036979,59.120951948098174,1,3,0,68.26697557100506,1
Mechanical,7.556878405579697,71.70308751204047,100.0,100.0,0,1,0,71.94400741262854,1
Electronics,6.467503961659257,59.86176198713353,54.165407653021056,37.04536499888323,2,1,0,87.18275366604038,1
Information Technology,7.0385333469242095,67.55695656494856,64.69471360649491,39.73594466785407,0,2,3,38.10908049762,0
Computer Science,8.70755137105733,50.55901152073081,51.51353141254,63.49190420199684,1,3,0,51.21689332106379,0
Computer Science,6.807729756572222,61.9008308045593,84.28692955804254,100.0,0,0,1,36.44714660250974,0
Information Technology,8.50283053447817,74.15324254383833,95.33783400477517,61.35789967633843,0,1,1,33.224015768411086,0
Electronics,6.1443517744108584,67.35459441452652,95.04884172106958,61.701585622232926,0,3,1,47.44362508093363,1
Mechanical,8.13576501349834,,88.35923129719006,39.04561358998743,0,0,0,67.33224488588041,0
Information Technology,9.22988234478948,68.36324606436189,67.03569298306051,82.02673253486681,1,1,2,75.42788869780632,1
Information Technology,4.534026599847253,75.71914685954927,64.5213853376523,82.15717257792836,2,1,0,41.0329178675665,0
Information Technology,6.5437256934354275,34.25088082133783,44.93245341258903,79.20335362519837,0,0,3,43.8144816122552,0
Computer Science,8.192486552616648,82.38611097433846,100.0,53.674027888747474,1,1,1,24.40353649353132,0
Information Technology,7.256345536748409,59.95617891978392,77.03467117222702,52.279278169285895,2,2,1,64.28704416553991,0
Electronics,7.9453750480455705,71.38234899860345,62.620646426957755,41.72379949271053,0,3,0,45.357221960585235,1
Information Technology,6.775217775941015,82.95870385467842,89.92085333480452,66.50970503169681,0,2,0,93.26062756423696,1
Computer Science,7.60390774496748,44.42489454154301,55.40853224859999,,1,3,2,68.1961759929919,0
Information Technology,7.313187317529505,54.3583849635868,76.0993305133401,43.8065029055128,2,0,2,56.571085130864496,0
Electronics,8.90133847399177,60.67176956186443,67.41056298563748,57.37356709560783,1,2,2,47.17775144911095,1
Information Technology,7.8053050119614555,53.24369718313358,79.58015709820451,,1,3,1,30.106595596115415,1
Electronics,7.905123194490242,91.02404863755213,69.04639691220818,55.31638648120481,1,0,1,32.64256446109138,0
Computer Science,7.0057476406530395,52.148418592598105,48.23608163333164,73.3960027431247,1,3,1,47.55718090855731,0
Information Technology,6.914872531113008,56.666798307697,71.13364559005056,66.42286043870503,2,2,0,46.02194235951391,0
Electronics,6.9809301746164545,68.06583547404465,85.73296212813042,59.813191450799884,1,2,2,40.01656314308011,0
Information Technology,7.973342570853956,46.96775710885867,69.56175391219023,68.29423270960667,0,5,1,67.54189454884688,1
Mechanical,6.994818623015685,59.06478932365604,81.6267268238363,47.15251326011662,0,2,3,70.28531184829718,1
Computer Science,7.847729828275695,69.76179891875262,54.3170577148892,66.8950152303742,1,1,0,50.82735205396544,0
Computer Science,9.990480958374526,60.007093934262336,69.60608810095222,67.7108448712034,1,2,0,98.70304536530635,1
Computer Science,8.545349644118032,63.599197116500775,60.63234317367134,37.945156531565345,0,5,0,25.065412669678157,0
Mechanical,7.10877176139859,57.06001831327443,81.20471260157065,82.92248757866652,0,1,2,61.16327797944526,0
Electronics,8.941456706596734,42.282945362288494,70.47237343392993,49.13419330591408,0,2,1,55.628395918241495,0
Computer Science,7.010309552374139,69.82389817008858,80.35110514504919,66.62557638571583,1,0,1,48.985982360654866,0
Computer Science,5.054250557786576,91.32399607470862,86.31565639236798,85.95941132963486,1,5,1,46.04674307973881,0
Computer Science,6.290296426899115,65.27602446175158,80.37427862682082,81.66218163884965,1,3,1,59.86080234175284,0
Information Technology,5.2550496947689735,68.37896175871325,74.09677651440467,,0,5,1,55.48944345356542,0
Computer Science,7.078183819150429,75.39084132675289,55.026816122328924,58.47501794812277,0,2,1,52.162469457748806,0
Computer Science,7.522102055027462,45.96004255179951,69.95820833999647,82.0552143543602,2,0,3,34.025607300212506,0
Information Technology,9.51172477473034,90.53771987194408,62.00364396976251,77.14450960055515,0,0,1,27.63776364379002,0
Electronics,7.892312848516995,68.03493194634203,64.8390406494366,53.86942963920566,0,1,2,54.229670496088694,0
Information Technology,7.237079365429363,89.47785348633663,64.38198773874623,50.69191435396957,0,1,0,51.95807791006939,1
Electronics,8.495286697420187,,55.30111637826633,27.69760672947203,2,3,0,56.05926279446344,0
Information Technology,4.846637629190538,92.27092883836737,40.639921162990156,67.77257315030457,1,1,1,57.82756404220982,0
Computer Science,7.782737469730279,76.62733241052175,59.977854275083494,63.51144058966882,0,2,0,49.54995316234364,0
Information Technology,8.42503823266436,73.29560128778537,72.90069177886238,85.45144474356576,3,3,0,55.75185152363589,1
Information Technology,5.725696505064191,68.51036681529722,49.777344318587645,71.4629916826466,1,1,1,42.92943383793011,0
Information Technology,8.872504851848316,61.27207072888326,70.23523354707436,89.01612549510843,2,1,1,90.47891618326567,1
Computer Science,7.9061956889932965,83.00797487710808,98.50402636466447,52.447443897508926,1,4,0,44.00519703700063,0
Computer Science,7.001654503319038,67.1053980477207,85.34584832878359,85.48670595741713,0,2,1,52.58038581069319,0
Mechanical,8.259338239327542,35.49395444619271,94.65312263680794,55.479505176116206,1,2,1,45.52422421772239,0
Computer Science,10.0,48.24220307439496,75.8669181539909,78.9967291122609,1,2,0,45.18836919590194,0
Electronics,7.718239506070194,62.21231371710879,87.51264734479669,38.74234893444752,1,3,2,60.49283133275893,1
Computer Science,7.797864703560403,69.64998474748332,59.14052904298319,69.2324353885914,0,1,2,57.95531580233976,0
Mechanical,6.948766920551707,64.15117266650157,60.334895994670234,29.27561705397362,0,0,3,50.810792192495796,0
Mechanical,6.48018675664225,83.28456184690495,28.91289690793791,60.19152525304842,3,0,1,54.330480168913766,1
Electronics,8.496402979853094,35.733472039420626,87.79218211063449,72.92637188980244,1,4,0,45.60372898013459,0
Information Technology,6.472699408909359,67.1538190475774,93.1048596972983,55.622566077840276,1,2,1,68.0345127545232,1
Information Technology,7.585879484663271,37.730311619192676,61.70234131979095,46.092122682392585,2,2,3,100.0,0
Computer Science,6.92681106388186,76.39568443226253,66.19072440404148,80.23013244732681,0,1,0,42.50317445533563,0
Computer Science,8.07477579089567,63.58311928336996,58.692068294635575,63.13766978275538,1,2,2,67.87926447469209,0
Computer Science,7.900394526344338,71.29414958036178,75.73980327216238,56.18772835344791,0,1,0,60.898979140414205,1
Information Technology,8.745047933109479,52.04175559115351,86.87398817954862,65.75412658077698,0,1,0,73.37259516265179,0
Mechanical,6.887980321374304,84.19197397486627,43.858420391784385,100.0,1,1,0,73.93585920992143,1
Computer Science,7.1761500776479545,80.62586996088277,76.14157795963378,85.76305129606779,0,1,1,64.10825394437322,1
Information Technology,6.325483541061232,73.75316454517831,65.84992342421282,85.92632602738112,0,0,3,59.203588477698005,0
Information Technology,6.966848087908667,63.057241297048385,71.70091587950034,72.83983374186255,1,1,0,51.31099600703107,0
Computer Science,7.952760591653822,73.69785927942698,76.88491002511437,67.99673490638865,0,1,2,44.700792937827295,1
Computer Science,8.408386339974422,54.39661148018977,67.17696341840768,21.87051881005251,0,2,2,58.063086780964305,0
Computer Science,6.3934016109868494,77.83333488531068,68.4461971989133,52.778353763663624,3,1,0,34.30822337164639,0
Electronics,8.543527104126792,89.74221341485881,66.79187248668042,56.34966056235546,0,3,1,48.12288019765062,1
Mechanical,9.126765430565941,81.05915839968779,84.55474302682423,31.251942847144406,0,2,0,82.13707248945137,1
Computer Science,7.996121883868441,,76.28139940191245,44.166515776122196,0,3,1,61.970244421593826,1
Mechanical,9.75215497506968,70.42125975909654,73.30875306606042,29.344943523392587,3,2,1,77.853288378711,1
Electronics,6.571452961075712,45.60287684362029,50.93572418361576,64.3101709574473,2,4,0,89.39287773316848,1
Information Technology,6.0064143560262995,73.58585466763513,64.32130385180268,79.7377874752787,1,0,2,56.459410881703654,0
Computer Science,5.365535701314866,71.75905119293809,83.48003740508761,84.92194133523792,0,3,3,64.14651668387283,0
Electronics,9.29525317378702,36.952754907017535,70.56544859685884,72.46612031742634,1,4,2,53.96308211694489,0
Computer Science,8.28523878762487,47.57324234131454,79.89297204383708,47.658865858425756,0,2,3,43.74788479048787,0
Electronics,7.433298394907454,60.752916548843494,96.49767700491451,30.22282714664073,0,5,0,40.940634813351906,0
Information Technology,7.835962351583785,60.48710379288761,85.57909103813225,33.37636341077297,3,2,0,76.86300745192983,1
Computer Science,6.149413143241948,46.85784596871792,71.39737506549613,42.158313609419025,0,1,0,64.17254560971296,0
Information Technology,10.0,70.83468094028277,62.33516244706409,49.00052543535786,0,2,1,96.93206144162106,1
Electronics,7.655065418370273,68.77210413410768,31.696756059161526,62.12452703615144,0,3,2,79.44104025847781,1
Information Technology,7.631273753525871,62.08596302032221,67.47422616290721,46.74504407371457,0,0,1,45.37574020927264,0
Electronics,8.37091994867843,53.66312749762456,65.10981256274727,71.10156608602871,0,1,1,76.80684360453543,1
Information Technology,8.077211078084057,80.73060689624845,75.85549291593064,,1,1,1,53.898489217954896,0
Mechanical,7.768660829134958,89.83110669632443,67.69142159537968,65.18982281133846,1,1,1,84.33719418258002,1
Computer Science,6.5514306534656255,57.746577742301945,65.19422410844808,85.52450994808169,1,2,0,50.27332245513959,0
Electronics,8.065762028563196,55.81749624267769,43.30901604239169,43.75582878439334,1,4,2,38.951480795146544,0
Electronics,9.75842939577004,72.36811498117994,55.900482562749005,72.53668240926262,2,4,1,44.08489845877181,1
Information Technology,9.114504055385973,59.629559303795205,77.14976561200837,64.74848188743069,0,3,3,45.10670195170172,1
Computer Science,9.411823951967277,62.909041990051485,95.73861446699041,58.99724694254549,2,2,0,43.19496470762672,0
Information Technology,6.886541188282577,76.09479727587006,68.53711924381565,80.93461377558728,2,5,0,48.547834487897866,1
Information Technology,6.312474215689703,36.359658687390606,74.91716610361185,80.82225478202614,3,4,1,77.13383740650475,0
Information Technology,7.3490556958804225,84.77453487279004,,47.96316567220829,2,0,1,95.92088416532368,1
Electronics,7.566869894746434,66.09020786494013,57.836590956996254,61.72110949055737,1,1,2,33.39620968892993,0
Computer Science,8.813029822165138,58.8276028315673,75.50221064928164,70.06181028651316,0,1,5,85.27026085666299,1
Computer Science,5.469042444342217,63.661487686678264,58.89264840501762,60.08587853559348,0,2,3,50.44592568051143,0
Information Technology,9.335460383352736,64.43644032530779,82.97236657736518,75.53038398118036,0,1,2,66.95765062404467,1
Computer Science,7.310390521705212,39.03198044832612,72.27104571927599,,0,0,1,26.917079388534052,0
Information Technology,11.737332714886737,87.42407341179855,74.47677720972159,97.98610232640823,1,0,1,70.48070034689712,1
Information Technology,6.285474749687799,65.61988448405928,58.26102103872116,37.45497555326382,2,1,2,19.893752063678747,0
Electronics,5.514171993761076,71.64503195671062,80.60548539416178,62.79615218454685,0,1,1,66.27870144620331,0
Information Technology,8.487804700754298,79.27324655861065,100.0,48.64695479278056,2,0,2,65.14512094058674,1
Information Technology,7.587981560626084,49.68256313659549,54.88132456857691,75.8739341979028,3,1,2,63.82015268590935,0
Computer Science,5.952046920310735,72.10207848552842,64.90361488528714,35.8909059791802,2,2,2,45.30179698734142,0
Computer Science,5.945905473523661,60.985383636518094,,71.23362878404795,2,2,1,70.99053348859287,0
Information Technology,7.097058360851846,77.7015616282474,81.79609317993724,53.65912823572986,0,2,1,67.82163018833434,1
Electronics,9.502825830347271,33.09158869472757,61.60680572065797,51.785086409821744,0,0,0,55.800944327177604,0
Information Technology,7.188490378363674,63.51358549638096,27.5045456478589,38.96303233626763,0,2,1,73.43700614350388,0
Information Technology,5.696228456258273,55.95769016324058,90.38784241246037,56.62863296838189,0,2,1,58.0879170686899,0
Information Technology,7.2051083230968676,71.48394425951233,81.40759179376214,84.52100954523667,0,2,1,70.57554317817524,1
Information Technology,7.1727317163027955,72.05066281052304,43.85578704270002,64.54660369646938,1,1,5,57.482413452118195,0
Computer Science,4.263736028470114,54.38561157766961,60.88646812330666,76.29824752174054,0,2,1,64.33403982219082,0
Information Technology,7.434846160178625,54.31739203735935,93.52273644290989,94.96355279539296,0,3,0,71.49445882150525,1
Computer Science,7.222878563749586,63.340019471640055,91.71694627686799,69.74760052680637,1,1,2,52.0417485276393,0
Information Technology,8.335447637776102,51.55036659027188,84.07960034018417,54.941607702877874,0,2,1,35.323268274916096,0
Electronics,9.718747313934415,77.6297554317819,67.35831349060206,73.41053987329022,1,0,0,65.52158011096309,0
Computer Science,8.85187803545731,59.461891993288305,71.24481128218765,55.20266936634275,0,3,2,83.78782757225859,1
Information Technology,7.177333571334203,21.395176710175377,68.0361129231081,55.92039170065095,0,1,1,65.98301945914892,0
Electronics,6.172168909509996,59.37766915067291,86.92359674903255,37.64192960685827,0,4,3,66.36284629392746,1
Information Technology,10.0,49.421842687340416,56.86236390257335,81.67263483951906,1,2,0,59.15647787006719,0
Computer Science,7.571062120817386,40.53086276808582,57.91300517673693,58.051953638310096,1,2,0,74.78237305546402,0
Information Technology,7.516715150295536,,85.15411880254024,68.27776842468552,1,1,1,56.281291677241256,0
Electronics,7.4710498954679965,66.64112707749455,69.33457816732657,46.35268528508049,0,1,0,50.92202437746276,0
Computer Science,7.737701712921426,84.92961242372347,90.67701033180712,72.8470573348785,1,2,1,82.10596505749731,1
Computer Science,7.326767505691269,,59.92731689529182,51.28505771356849,0,3,4,49.38923363414636,0
Information Technology,6.811605591743716,55.9024491767639,69.17832459491763,62.449243009367166,2,1,0,77.78941892903498,0
Computer Science,6.84376927051153,71.83856292756055,,80.80086856230426,3,3,2,82.11870923915417,1
Electronics,7.460696075740802,58.113645346715124,70.11044022135351,79.23366762018553,1,2,1,71.33633864124121,1
Electronics,6.847890274639482,54.58099446255283,47.82179594501802,64.60345869469508,1,2,0,35.01528960854735,0
Computer Science,6.644585060787403,47.684559976505234,62.685498685675554,33.17364141127907,0,1,3,60.54309818444995,0
Information Technology,7.627716273230276,38.722567898724215,48.456192026078234,100.0,0,2,1,55.96000005882765,1
Electronics,7.194027339094974,,,96.42546146491645,0,1,1,50.080014893293736,0
Computer Science,9.304791586299226,67.37080234880197,80.74884009639477,78.00814684798937,1,2,0,62.85503174692855,1
Electronics,4.318836229928386,63.550644949776654,44.046059042734825,51.442331931362524,1,3,1,75.38412694995097,0
Computer Science,8.809808222306954,58.76049608078962,90.0082861825086,62.95534108936464,0,2,4,50.828946797376034,0
Computer Science,8.995302230997154,50.813809089548286,100.0,55.218432264022695,2,1,3,56.572346514526515,0
Computer Science,5.011931721110221,74.12369287527453,70.69009580104512,87.749406903735,0,1,1,55.17882132336025,0
Computer Science,7.088774887103582,45.24302120080122,60.38328609663033,69.72505203533301,1,0,2,83.27742091088624,0
Information Technology,7.0542709608050504,76.64041870765213,100.0,50.88505054952301,2,0,3,54.85798764378827,0
Mechanical,5.810985966338615,49.96674471609913,50.21547252546234,56.526408215753925,0,2,0,35.31188684476509,0
Computer Science,6.5666199748909495,53.71347143970447,70.30159700303648,85.18138656625828,0,1,1,28.53130322018972,0
Computer Science,6.1673089854410055,42.998222140764845,72.69433408947886,93.8017612427686,0,2,0,67.25459133131939,0
Information Technology,9.602724532108347,57.47896779671545,90.17721430678623,92.50996814275241,2,2,1,44.786365202281964,0
Computer Science,8.622814071776954,79.62968687716969,75.39608462690182,78.6265771709716,1,0,2,73.37449010544957,1
Computer Science,9.02586611399299,72.73442132665934,62.52049156317323,60.45275236155254,1,2,1,33.37560022985737,0
Mechanical,8.366006476851881,79.67633168042053,55.732234444180655,6.652751144075832,1,2,1,49.221756667787844,0
Information Technology,6.1451378745393255,72.83213818900904,64.87267269630797,70.34888042854799,2,1,1,33.38862300959703,0
Electronics,6.870575680464271,48.444952572044464,54.896089585822835,64.96708234080619,0,1,2,68.69221431097847,0
Computer Science,8.087249473473502,60.03816163508664,70.71737979677025,67.51967773378438,1,1,0,72.976950812493,1
Information Technology,6.033446629329665,53.29701306323806,61.537057302092705,65.97015224659772,2,3,0,66.772503152732,1
Information Technology,8.355598116206865,84.95862356058561,47.58943310065374,41.127281084915175,1,1,1,38.281273591923146,0
Electronics,7.211609522210238,47.048170303605325,88.82718682562356,75.03335402332134,0,2,0,45.084725117786675,0
Computer Science,7.050215030940484,78.40546534083666,62.53491214856441,76.3798936525733,0,0,2,64.68627977223107,0
Electronics,8.35315196184419,78.39430805163154,50.97794792537031,77.28209807707387,2,0,3,26.24517183751272,0
Computer Science,8.033115973783248,92.4443030257413,67.47611298268687,82.03838606432096,0,0,3,55.17730111224194,1
Mechanical,7.0668406010171045,58.85470111055754,71.02557348951488,75.87292960858922,2,3,2,90.33810706671763,1
Computer Science,8.891195764037098,75.68483239370244,43.802999116314496,57.619470592299606,0,0,1,56.400889016392505,1
Information Technology,6.202724006880123,99.22477754808264,74.97471500688644,63.724936737510376,2,0,0,30.22910721936097,0
Computer Science,8.239122728333117,55.73537484599455,,66.64024761056078,1,2,2,47.85181504647729,1
Information Technology,8.21172150956206,41.974396287014606,95.66543213786181,66.93859008391914,1,0,2,47.386153486448485,0
Computer Science,7.128544272823212,36.79984949138355,77.85940768115103,82.96791780749113,0,0,1,100.0,0
Information Technology,7.891359626690542,75.69068043291998,64.00150014836025,76.58603755440484,2,1,1,93.31358161027791,1
Information Technology,5.998663708337636,36.75274687912124,58.82248344523975,100.0,1,1,1,74.61870868203157,0
Information Technology,8.60883242304828,59.41521420593116,68.42548438654563,100.0,1,0,0,53.138481385172035,0
Computer Science,7.278117436268413,71.5596978055844,79.19186112374935,66.43369248705065,1,0,1,84.01259321959446,1
Electronics,6.8727323753771525,67.7776330524487,69.617588071222,0.0,1,3,0,37.33080721899083,0
Computer Science,8.758811071004267,71.38167296276258,66.74261789294715,87.2629843902908,2,1,0,81.53150630488518,1
Mechanical,6.654787571348689,68.33434783701281,,55.27322589823302,2,1,2,78.55947074840088,1
Electronics,5.809846444363728,84.1829871997009,60.94211603144568,50.57328940704188,1,0,1,56.97308530701439,0
Information Technology,5.632044991771315,50.71525428891805,64.85191109735443,57.827985050191394,0,3,3,82.78372626701544,0
Computer Science,8.227211941614767,54.84507292312203,38.71311341642494,56.960425157337085,0,1,2,51.055577410723004,0
Computer Science,5.96348477700446,53.41010832093764,84.60589346278552,76.02085658189706,0,3,0,34.69828803803533,0
Information Technology,9.605753018381238,77.45287717793916,74.48196670482643,,0,2,2,79.55930025999842,1
Computer Science,5.001684710539534,78.50597882592595,58.39816233949855,45.60102657575117,1,2,1,58.295141417210814,0
Electronics,9.535747641948046,71.76837978977763,98.48102472032858,71.1768539755535,0,0,0,72.03561206597335,0
Electronics,7.753220960643142,82.75240500334891,71.30524720588579,76.21299254743954,0,1,1,96.41773183118812,1
Mechanical,7.383944265755529,47.32938698935429,54.45784642037204,76.54774960884822,2,1,1,45.554918552074064,0
Information Technology,6.84609709582926,90.00836167326705,82.85106132205688,50.83334697920062,1,0,2,57.1324099032005,0
Mechanical,7.978963337222485,87.84857932568387,75.97072324763894,47.39121831320768,2,5,1,91.39269009155429,1
Computer Science,7.454838357090182,76.0343299586862,75.91869978226329,55.88057299181745,2,0,0,73.37463461710567,1
Electronics,8.823962258419826,91.7269836315659,63.61366593022614,69.31770954112505,1,4,1,46.00434511590807,1
Computer Science,7.637073178394448,40.150651884833394,76.75743585667053,91.73859264690589,0,0,1,40.89964592921043,0
Computer Science,7.680362113754253,57.13327795606022,66.07362564668358,28.146130656126495,0,0,0,49.43838719793309,0
Computer Science,7.063665345343373,53.97044808977071,78.33912177468763,61.026882374749405,0,0,0,45.231705903942434,0
Computer Science,7.431665251534719,75.82218985636015,41.42583318984042,41.01178806154633,0,0,0,64.74696238979061,0
Information Technology,7.869362122670471,49.24788890596781,63.49189805531216,35.259631807637184,1,1,2,61.56869014395199,0
Mechanical,5.44779792881205,76.36242724006229,95.83232646712293,82.4052196162067,0,0,1,65.58475508550701,0
Computer Science,5.882177493473145,85.5580421599507,58.4939881689955,74.80324234098809,3,1,0,43.18374396880435,0
Information Technology,8.391916912827257,75.42804350125999,60.942425537602205,73.08980328705071,3,1,2,58.5833218494949,0
Computer Science,7.7050385257535305,69.25626535492252,63.28057992325037,81.57846511515788,0,2,0,18.886004520875666,0
Computer Science,7.279219996376785,50.181899886488765,51.77790796167035,56.36505985820955,1,0,1,62.90012634722733,0
Computer Science,7.522120719678472,52.297235508119535,36.875788356576216,57.21252470599649,0,3,1,83.5088128991173,0
Mechanical,7.917098046434005,83.74428357945,66.5412040221458,100.0,2,3,1,31.505081813076394,0
Information Technology,6.852288383628766,76.69023505857999,72.03789136122485,60.561721023327664,3,3,1,69.66856461294923,1
Electronics,6.566034329517225,64.41470720933684,69.21242397192022,78.23237803497364,1,1,1,47.779712964788736,0
Information Technology,7.735014306117218,58.73135681351164,67.8268215707817,65.11486773733967,1,0,2,76.0500230738674,1
Electronics,6.325952666861961,34.612881903329345,70.64561306275581,31.73134645858853,2,1,2,63.172949024245575,0
Information Technology,7.989903306857366,48.93721371973342,85.34262207326147,28.19667793157717,1,2,3,68.09408225320881,0
Electronics,5.456899674914592,93.67128630709585,67.14330721106175,54.578284041081716,0,2,0,61.29647797510881,0
Information Technology,8.734986764790772,45.793166434963,61.38876134369096,84.00982253005981,0,1,0,86.56663612768706,0
Information Technology,8.067116978895651,67.84219731831621,65.78311772667871,79.18924981944807,0,1,0,66.94820955390205,1
Computer Science,7.807235681176651,80.11165959792798,78.69020139635164,81.45338895603261,1,1,1,45.89152571995098,1
Computer Science,8.679229180734616,46.17615997996561,91.18040317814874,47.233168779146325,0,3,0,61.974301046420074,0
Electronics,9.498569333355093,67.77065712171625,60.57784391246233,94.08570482220165,1,1,1,52.62237914067901,1
Computer Science,8.717244078021757,79.06873306265983,71.48400680543325,47.63192059664508,0,1,2,63.247998130391785,0
Information Technology,5.2909509224020255,65.18748982860876,75.07536162903939,68.83083917605944,0,1,0,51.604605752663744,0
Information Technology,5.964507639917159,100.0,55.111329899067655,64.81365878166073,0,2,0,46.463785289073705,1
Electronics,6.750217706765185,39.97101111682707,70.30625750819377,61.870271234337444,0,0,1,63.98544425496892,0
Computer Science,7.531309260253001,80.88092794825819,48.01489213986857,89.09465848932092,0,2,1,61.115792572331074,1
Information Technology,8.121190824562948,62.407973939053036,43.46424544390902,52.30801063701271,1,4,2,81.27911690091695,1
Information Technology,6.629107424215841,76.57880232255013,75.50119611838386,40.707105397185295,0,1,4,51.70088241734374,0
Electronics,7.724120117372494,71.61960727548869,64.24187888003826,65.35991875171555,1,2,2,20.382923050093854,0
Information Technology,6.593540481176013,54.00265704335005,73.03420611431828,57.80311878284252,2,1,0,52.72258403073374,0
Information Technology,6.766178636409662,68.4349458868901,69.73157534487476,100.0,1,0,0,27.47138482166846,1
Mechanical,5.812006683782133,37.13147822902569,,77.17713457591955,0,5,1,68.31343948193152,0
Computer Science,6.3921201046669145,74.0487125085709,69.32118547053496,57.631869646064764,1,0,0,26.52204143302425,0
Computer Science,5.8779784732603995,69.47237698985788,51.50348042477717,45.98999175463244,2,0,1,40.23257875171797,0
Electronics,6.328952096427201,74.57990252964653,90.864585370021,31.154808609761876,1,2,3,52.75331083450274,0
Computer Science,8.764370155929408,80.87177487630726,49.66044482710054,46.546056456726205,3,3,0,90.87901209522289,1
Information Technology,6.360721333401669,70.51429760314566,67.06322093547128,67.06895189166437,1,2,0,38.54219768570165,0
Information Technology,10.0,67.22134129697415,54.36592617929128,90.69191572870585,0,1,1,60.24809966293172,0
Computer Science,8.091981481057067,51.78397495008062,78.55631760041193,85.19040456298254,1,0,0,71.59953153914518,1
Computer Science,7.721803348433848,54.316688545264235,65.02852943077745,69.12370696963482,1,1,2,89.68121106441394,1
Information Technology,6.469970663782544,82.80101930265997,62.219999205681845,59.18298201735528,1,2,4,75.55589503442819,0
Computer Science,8.340371855290789,86.54503108558968,82.79802317577332,69.83862241541878,0,2,3,81.8781390326493,1
Information Technology,6.8092346085146715,61.42834345531919,70.44145887516328,55.66451604527763,0,1,1,77.28614117703083,0
Information Technology,7.646411777574434,65.69004120879912,77.74966668903951,95.93055192374976,1,3,0,35.81754057207722,0
Electronics,10.0,51.43078437509351,55.280110952238026,61.59457673704856,1,1,4,67.19384208634094,1
Computer Science,7.38472812033042,82.59135267901168,48.92774584108739,63.44591855155892,0,1,0,76.97321904344446,1
Computer Science,8.879127991542811,74.98125235537668,71.608119430602,25.115196349627972,0,0,2,40.8699942065196,0
Information Technology,6.656188289848935,94.11826154695623,65.21730466757903,61.48217276259025,0,3,1,48.404802465519545,1
Information Technology,7.458013811403646,51.82515384230392,79.39652008680916,80.05671448336894,2,5,2,43.93615409745888,0
Electronics,9.624960762762612,,68.80137321006175,45.78099361330619,1,4,1,75.45245971936066,1
Information Technology,6.747639530654679,68.47168883788359,73.07613008851945,51.48703397912937,0,2,1,58.61437759341736,0
Computer Science,9.674938269596314,74.69734306588656,45.64926205088134,79.26879831920597,0,1,2,53.58308211329807,0
Information Technology,8.34930232254657,61.764985436785516,98.32655409421385,38.42016997667504,1,0,1,34.36660166694025,0
Electronics,6.825039868926879,51.9055836431945,67.53637022451952,84.04041813575454,0,0,3,58.65211493612415,0
Computer Science,8.258889286866625,78.22111293385356,80.46380455508799,55.42140997688416,0,2,0,48.648232900305025,0
Computer Science,8.667065339552076,75.81703043818372,57.458624946705605,58.005772031158344,1,4,2,64.86679130528324,1
Electronics,8.246171954660635,51.25588849154413,74.62014853326012,44.77018870773931,0,1,0,37.140656027090984,0
Computer Science,5.615730336131453,85.33164201658244,50.45732854712882,71.8048326877019,0,2,2,63.55812519012401,0
Information Technology,6.627435389010158,82.55298063794906,76.78101757389507,100.0,0,1,0,51.22098459002358,1
Computer Science,7.202977637338194,67.01444745871689,64.6603887342125,79.06695031029138,0,2,2,35.01406148529706,0
Electronics,7.4106798850799445,66.19396793564054,70.43785755903352,49.442865285070354,1,0,1,33.454319242437066,0
Information Technology,8.244806517060814,73.31086656673861,80.46961045195147,85.44117053884658,1,0,2,36.45959223954612,0
Computer Science,7.713241201119905,52.074453946156126,51.5118953316958,59.29976817318351,1,3,4,55.872018851189154,0
Electronics,5.897586769547878,65.45047218746123,59.73262404080805,89.74072966569607,0,0,1,62.41990868727001,1
Computer Science,7.956237421207156,32.714246830862294,76.85986421630149,79.52017523895853,1,2,0,65.39647264754362,0
Computer Science,8.232702894340587,78.14683468254404,100.0,12.023451821508802,1,2,0,66.15105835456895,0
Mechanical,8.171748537517248,41.57760166337211,67.92876498007777,46.92656660680951,3,1,1,44.829534780416,0
Information Technology,8.796936870665546,87.55129742643499,78.86704176885898,81.99893401103702,1,2,1,81.16805816190352,1
Electronics,8.500706585458685,60.04819859050325,68.3954279521228,67.72983089861032,2,0,1,51.15548947983694,1
Mechanical,8.051016095074123,61.82499527103235,99.1336839213445,46.57239294125869,1,3,1,69.00299520119464,1
Electronics,7.415801146249623,55.583991408732416,43.79167499552116,,1,5,0,56.716891330123666,0
Computer Science,5.506846879780811,60.679416891168856,71.41931567004038,30.68774083839115,0,3,0,67.51242463406084,0
Computer Science,8.015541862959102,86.27797017722055,45.616839496569085,63.40928082452487,1,1,1,55.71343867710173,1
Information Technology,7.749225224595733,27.68287015197381,32.40142644194925,100.0,1,0,1,67.87269753149133,0
Computer Science,7.825894604634448,84.15448079132281,74.46193079676725,79.48880103318186,0,2,1,59.85222260239353,1
Information Technology,5.967901709015629,70.07035221652562,72.09246694221189,,0,0,1,76.27681141301377,1
Information Technology,6.2027321515100855,46.89467528214177,65.72744593386697,80.88314761621965,1,0,2,43.62629913577604,0
Information Technology,8.763783423999485,48.87031410426143,68.4070886494037,83.49462818034846,2,2,3,24.60217328218843,0
Information Technology,7.452533815372014,90.14589540812304,100.0,100.0,0,0,1,40.532851611318065,1
Information Technology,8.31780083684715,50.81739680085903,66.12737292952849,71.79073866816007,1,2,0,81.37836830476067,1
Electronics,7.533982051356551,47.699742341060606,77.65186541875113,61.62990821287615,0,3,2,56.90882360224521,0
Electronics,7.535707367394892,82.05971813547094,60.25952770579178,83.58783529919621,0,1,2,61.84124591093125,1
Information Technology,8.625940567171197,70.07829314428871,74.42848862560905,91.16912426819393,2,1,1,38.92726771907226,0
Computer Science,6.8807463261391515,50.93111635195402,66.42649487416574,56.36063643118024,0,3,2,61.31107450300557,0
Information Technology,7.61534493232918,68.24937463106929,63.84222275905405,52.011756517879476,3,1,3,39.54374711854607,0
Information Technology,6.945269653553948,49.61370974539584,97.28347798300487,67.49940858375584,3,4,2,42.4843744989449,1
Information Technology,6.978604527081221,81.51232097633908,87.65777444776508,79.96697960476992,1,1,2,51.95032634352239,1
Computer Science,7.1289934518376326,80.920564473097,72.05119971098846,79.3656388759081,0,5,1,68.90194515684291,1
Electronics,7.766560525960455,72.98009298232914,35.4368209608405,39.36498319662322,1,2,0,71.0369516128502,0
Information Technology,6.925501654003828,70.42491591870525,64.58486165121145,99.40890920713979,1,4,0,71.58089795875674,1
Electronics,9.006907350688225,91.41782187301061,100.0,53.45903127085669,1,2,0,28.238317699112518,0
Computer Science,6.426471237336595,64.99529491082338,66.54007500040437,60.22883005600557,2,0,0,59.86670999219477,0
Information Technology,7.275754027006369,47.27188811868798,86.54826358080487,48.752221520219244,1,4,1,56.06436333234528,0
Computer Science,6.9723227300709905,71.7421086924846,91.62913602928901,100.0,0,1,2,29.356351678370885,0
Information Technology,9.23637346122448,96.2907057430567,73.28445873783963,69.35727206518341,0,1,1,60.31967533444397,1
Computer Science,7.73586573181389,49.77860760221222,57.37267552197772,49.68244854773183,0,5,1,54.991455651264765,0
Electronics,8.738213447362362,59.57805849959021,33.470315023256674,80.55062389932402,1,0,2,70.23051344235775,0
Computer Science,5.717327552355633,71.24669057152178,80.26244812913431,78.8444440275806,1,1,2,61.62494152479605,1
Information Technology,7.820460319043111,64.19142726491391,57.77865995764678,61.62091357556209,1,0,3,49.013589394334936,0
Information Technology,8.567556954748124,50.26544629434028,72.64225677831539,80.1309208301009,2,1,1,78.51524900913955,1
Information Technology,7.598740787130509,81.82786784345706,51.25269490615954,50.14474470504444,0,1,1,15.575329984497515,0
Electronics,8.778576450078422,99.80061083025889,66.02143689294697,56.12747105091346,1,5,1,58.7146974314078,1
Computer Science,6.879253859879554,67.94197188535861,70.5057858235158,28.816100217810867,0,2,0,24.734981360161285,0
Computer Science,9.191216928222696,51.43897565395999,74.02890371566447,41.16888048404787,0,4,2,41.7561345758776,0
Computer Science,10.0,41.76559212419787,53.27766718971379,97.53735450207235,0,1,2,70.49627406018699,0
Information Technology,7.064593727472409,68.86963971831771,87.95366423142029,94.54571529900166,1,3,0,34.51605039118394,0
Information Technology,6.965396974319074,81.55816014974387,61.04657822902043,66.18419567568132,0,0,2,31.525643625921305,0
Electronics,9.24406137254124,72.12751619743072,44.882958093201324,94.93276604941707,0,0,2,100.0,1
Information Technology,9.395486574876855,64.9639423862172,68.36464870054805,62.11865924105051,0,3,0,32.81421897159671,0
Mechanical,6.872567967416078,56.160925223160405,70.5156296353969,60.618614553777654,1,2,2,93.01041806175947,1
Computer Science,12.598036310947744,48.617545509228655,72.40884149757639,66.01719167238001,0,0,0,56.55595670841479,0
Computer Science,7.161858469367391,77.52126989487323,90.43198605527618,62.75141128417582,1,3,1,49.503417571220496,1
Computer Science,5.8866593867588675,78.70657432078379,66.45326744896211,61.126466175916754,1,2,1,71.3357278117641,1
Computer Science,6.397617664218962,41.814053199639005,68.20570563446843,85.58116592869195,1,2,1,86.73188151088999,1
Mechanical,6.295031079897519,88.84758467271025,53.4522342815036,67.70244177121165,0,2,0,37.07864115783343,0
Information Technology,6.578642921875046,73.61106831341002,82.30830254331846,77.82467175980848,0,3,2,49.79500420542939,1
Computer Science,7.458378135135863,85.9939196771869,72.76463596117155,83.56484945499196,0,1,2,76.93739469368505,1
Information Technology,7.781057679043824,44.868083772723274,63.69958409058756,71.9873443217852,2,1,2,65.75988624854,0
Electronics,9.360600591376892,44.51263766876842,41.42987959801805,47.535116133651705,0,4,1,82.03835661282766,0
Computer Science,6.301975151113451,62.765460353490546,91.6661829258263,40.64841399864731,3,1,0,70.30223908863559,0
Information Technology,8.6811868781719,72.54176640342791,51.58480053315914,67.6780514265315,1,3,0,96.16448018298297,1
Computer Science,7.243213386929389,91.94541234390445,61.130829859454415,61.91738651315118,0,4,3,63.571771976673006,0
Information Technology,7.44064354841708,75.59118370722697,75.37516766614004,66.57304572056219,0,1,0,64.43622296661924,0
Computer Science,8.309783390599923,61.3597808478195,52.0516310707497,64.71102729352545,1,2,2,66.43442744031597,0
Information Technology,6.152733574125242,49.60446188501162,47.59735332620285,100.0,1,2,2,57.15022296546884,0
Information Technology,7.958891695420861,83.45000859078725,38.14078625949003,41.055927398455914,0,0,3,76.96174317601849,0
Information Technology,7.699742649855668,50.529418613739274,80.81495429358453,29.180967143219753,1,1,1,64.74082447726052,0
Mechanical,8.090941516809778,89.42702832158483,61.82220632910517,70.98278300335298,0,1,1,75.76360018290288,1
Mechanical,7.847002372689381,60.73423025590236,100.0,58.224394017412486,1,0,0,78.8899970724832,1
Computer Science,10.0,88.85873108926776,55.0846740155369,70.68922165513912,3,1,1,68.56909363120654,1
Computer Science,6.734712018898421,75.18396935088917,56.17823464856618,75.50989440111202,0,2,2,70.03432648468393,1
Computer Science,6.862803653997819,62.94506765836313,61.51910544571898,88.11388451322016,1,1,0,39.79340424806932,0
Computer Science,6.752231368290283,57.2090544226081,73.64701982707733,37.86993523308911,0,4,1,48.99292824360357,0
Information Technology,6.833427457007694,59.886381839808806,62.94694991822033,54.979077838571065,0,2,0,76.86766905981463,0
Computer Science,6.735135447232179,71.42475038562856,79.18498321003769,72.71770265985374,0,1,0,88.47262363637027,1
Information Technology,8.926819837329061,66.15734744326575,55.32117415017019,78.86834472237008,1,2,0,21.191395489832793,0
Computer Science,9.204605097587827,,49.27612422304628,,1,1,2,48.642737054971704,0
Computer Science,6.815104447500628,62.515528845235515,43.026778908863385,82.2026714800496,1,2,1,60.472412048293,0
Electronics,6.501173312274926,66.17865544578724,36.646387480942046,63.977805274047014,0,0,3,42.41451075838644,0
Computer Science,8.065698667663685,33.068988583777816,62.22896470787415,48.9721564470321,1,3,1,43.549607116366346,0
Computer Science,6.837332346862834,71.87252172183048,65.48529531410168,54.84278265105766,0,0,2,69.49839747587609,0
Computer Science,8.259518181306614,50.3041816292479,60.52844458775225,54.33134918677209,1,0,3,91.62751938342868,0
Computer Science,7.74350762502156,47.700013951913824,88.65108695780742,76.79420531324769,0,1,0,19.36352887355718,0
Electronics,5.6811070620033215,39.689834793339344,88.42045314412202,69.62595402054495,0,2,1,56.59047702036607,0
Information Technology,9.357006241596073,38.091612531981646,64.97795518833247,41.17430772484078,0,1,0,69.26560683580776,0
Information Technology,9.655053207714626,44.66828745331566,43.091183302120555,57.15377355637221,2,2,0,75.60427944400483,0
Electronics,6.764653571418737,54.36468563554264,61.4994233791742,80.79585596212557,1,1,2,66.38254686138077,0
Electronics,7.034758128076819,94.29888706289853,61.002679091244076,71.32992238953307,3,0,4,95.22805099872231,1
Computer Science,7.843038468869886,57.11180486157194,60.14297556582913,75.23560308822987,1,0,1,60.57813186651588,1
Computer Science,7.9013481479844305,67.66625159402047,59.534216441526326,71.89259078103073,1,1,1,86.23985580784195,1
Computer Science,8.290253127207396,71.00722079759493,60.19805656412789,94.27575322295947,0,2,0,47.07264659308062,0
Computer Science,9.91224544651962,66.96597779323773,64.2018757615336,69.24877514883866,1,2,0,61.159658931776995,1
Information Technology,7.287663327007141,63.8383480891101,60.466883517766654,58.051589638327435,1,2,1,35.74569848402299,0
Computer Science,6.542043306553856,47.07059354601133,73.12483762938388,48.51640925959591,0,1,0,78.01728881097989,0
Computer Science,5.844816926382568,86.76391322418817,75.40553073857292,69.4929702477748,0,1,2,57.59114274717647,0
Information Technology,6.622883952069697,92.10794965456827,56.34032369226265,21.06732773404848,0,1,1,67.15642125039795,0
Information Technology,7.460247632551443,39.76011958815971,89.0659798901055,61.68279796701118,0,0,1,53.732627374298524,0
Electronics,9.653469436221345,49.639571136704305,55.299065472390794,61.29488252141581,1,0,0,71.72857003318032,0
Computer Science,6.878866441156594,60.802844864344905,45.73299079276994,40.43952463488894,1,0,2,67.94867947711504,0
Information Technology,7.768545541966678,50.53193307634713,75.71167107047577,48.291214904192074,1,2,1,40.10697140057587,0
Computer Science,7.480292524712698,72.58948330183797,57.7388779837849,79.57383554266833,1,0,1,41.26465134833979,0
Mechanical,8.9260719281377,54.0759169639008,74.81937206136082,69.15281148334932,0,2,1,59.44462539317296,0
Computer Science,10.0,97.47584101709904,33.94497098349204,66.83219000673189,0,2,3,73.19147914813314,1
Information Technology,6.862957472495615,82.85822891515394,90.88683912224602,70.5142556107764,0,1,0,97.25791106227695,1
Mechanical,6.912672668978133,68.18861045948323,80.08440112060603,66.66729658308063,0,4,0,66.05981713331458,1
Computer Science,8.752993052482886,80.40479394979599,47.49285176255498,87.37152613144966,1,1,0,80.1506280497708,1
Electronics,8.318269787551573,81.58850636535963,47.818343142305714,67.22172527066567,3,3,1,27.742981304716633,0
Computer Science,9.71604879088324,56.54078767912635,95.08398856146292,38.752163951262496,1,2,3,100.0,1
Computer Science,8.200713822391156,52.75674133187053,58.93930144753062,94.34233936773938,3,1,2,72.11372422258385,1
Computer Science,7.068849491055529,66.17214594454471,57.48722726901064,71.66612481191922,1,5,1,59.007909776824405,0
Mechanical,8.208785796830771,77.92454186746916,36.009218587760756,54.39343284568878,0,5,4,56.706079050841495,0
Computer Science,8.83044429669949,67.08590597980127,64.73832691597669,42.438769070689666,1,0,0,37.85600404282003,0
Computer Science,8.484578617436837,41.345052767135044,66.58420577746371,72.12645597724482,1,3,0,43.57426408559658,0
Mechanical,8.108728837328757,52.95763334073737,80.73239645154229,62.89090391046124,1,2,1,98.20871264266827,1
Information Technology,8.780009627506985,63.89040704608433,49.01382357723287,93.33464214858336,3,1,1,40.21991123427975,0
Information Technology,8.903154708534807,63.865015935112545,47.19569811639086,58.7736689479971,1,3,2,39.8346448426731,0
Information Technology,9.158590789245032,94.58813265184712,76.76443952164715,49.927145785715595,0,2,1,45.955590278488415,1
Computer Science,8.278451865107572,44.21018086401503,,81.12433192824672,0,2,1,36.036384940774546,0
Electronics,7.299458303619775,72.58383862753811,46.432714733231755,81.65507406890296,1,1,0,60.306131496910204,1
Electronics,7.676056423719987,87.33669662492434,86.22271129449612,68.03572461698352,2,2,2,81.77821025330478,1
Computer Science,8.947810759810029,99.07174618134194,70.56312762230232,77.17442685814835,1,0,1,47.79015347455933,1
Computer Science,6.5196771948153165,58.93403865224058,86.37708008611969,64.32163182663972,1,1,0,32.533514404783574,0
Electronics,7.942407970647482,72.37144179080299,68.94669457723575,69.20957181816645,1,3,3,65.83722626029308,1
Computer Science,7.027993425207168,73.54640535797971,32.16583123768074,85.96983588615062,0,1,0,58.88451324640374,0
Information Technology,7.534493787521781,67.93222597329937,67.72048926525942,76.25573001238705,0,3,0,80.0544910016325,1
Information Technology,9.034142235128758,63.51732198141041,85.90215728006905,61.95306011001276,0,1,1,50.909834013954594,0
Electronics,7.729318881623884,71.53963084250069,56.593809713744285,89.34252582667071,0,2,1,54.796864407466494,0
Computer Science,7.555723857787378,27.01630872170472,64.18052546638822,22.43260328975277,0,0,0,57.00939270913462,0
Electronics,5.868172630824097,75.23104235093948,67.35799744673533,100.0,1,0,2,61.78008221106964,0
Computer Science,8.395504279232664,,26.507291801972773,34.29273629196676,2,0,2,52.1487664528482,0
Computer Science,8.274581017369291,61.66287654832602,95.07021363156214,53.71232915409867,2,2,0,48.907117839079824,1
Information Technology,10.0,95.70293293579337,56.47936480154238,64.26348436648875,1,1,2,22.99244630236317,0
Computer Science,7.130666118056399,54.87598971814172,77.58603148709199,62.3633479268931,2,4,2,48.692255817597655,0
Electronics,7.7629803931967265,58.95386016402454,68.69948295777687,83.11539872047798,1,1,2,74.30446536163504,1
Information Technology,7.799260420452907,94.873299533071,88.8642858453904,45.958940865015784,0,1,2,77.00491038737772,1
Information Technology,9.392943935716168,52.51908042725215,76.09084183642122,69.69380271469514,0,1,1,50.577739528173986,0
Information Technology,7.385645361135658,,66.47613592718538,54.59218223204443,3,3,1,85.98971996363524,1
Mechanical,7.834825830924407,62.79461864853725,56.5972736122108,70.3125376280735,1,0,0,59.4259185659929,0
Electronics,8.229475811659848,77.61101723194324,81.96776052073209,63.83409932363822,0,5,0,33.24307256368104,1
Information Technology,7.72393094778763,68.1170376102997,41.89838044068075,66.6728417482936,1,0,2,26.952318870914883,0
Information Technology,6.964279662539366,45.61061979271606,79.68835630413838,55.10135301564178,0,0,1,140.34268357044016,0
Information Technology,7.732907991477969,57.01747155309216,53.51432872667691,55.81884889827052,1,0,1,52.53992549477852,0
Electronics,8.788358099831726,55.889683501816826,88.7842549293496,70.17090525249368,0,1,0,35.71870953854842,0
Computer Science,6.268181640706728,63.84168432165432,72.41949313994043,81.9868791036088,0,3,0,14.814476571289301,0
Computer Science,7.659563608976251,71.38765487944744,79.66185651775163,54.23097198443874,0,0,2,52.085677782497136,0
Information Technology,6.659855022072992,71.27308633831959,71.22983220737079,49.362184197687625,0,0,0,68.09501717992723,0
Computer Science,8.93405595470981,38.359823689273966,43.71434357288505,76.04228298209307,0,3,0,46.04617711907591,0
Computer Science,5.67217571425947,80.95911481341284,57.08906254906992,64.4149299249616,0,3,0,38.93509679732257,0
Information Technology,6.829293783274094,68.78853268994935,80.08584006417074,79.94896641174714,1,0,2,49.012484627865454,0
Computer Science,7.952654250077425,85.7679807139086,72.49983726039765,48.69565015931934,2,0,1,84.86384038289711,1
Computer Science,9.378628835081209,71.66297490936007,87.71484857958508,32.97009934237825,0,0,0,32.14036764649619,0
Information Technology,7.421099686712415,81.51984436603644,,55.405926527125985,1,2,1,47.165979391549655,0
Information Technology,6.833760567968162,71.9981796717519,55.499471639460104,51.20565303322971,0,1,0,84.21515479235181,0
Computer Science,9.757388483328707,85.19338634304123,58.05903793419049,63.581808798554604,0,4,2,69.88352578847507,1
Information Technology,5.762383319500508,72.83375954026668,71.54376085784855,53.536786143132986,1,1,1,63.58255627557913,0
Information Technology,4.861432852055902,63.53127130335644,35.28933900999842,78.33830512405609,2,1,1,47.031077291675025,0
Computer Science,8.028017340063998,99.08652080670322,95.10162828434477,59.813295276394705,0,3,1,60.610096290008556,1
Computer Science,6.8975349307768665,78.33555683419839,76.62620104566336,67.70854097793021,0,0,2,49.24341863093399,1
Electronics,6.274520619443144,73.60616631506619,88.40551895573309,67.837422051937,0,2,3,42.81227737858498,0
Information Technology,8.350027736759223,45.85543375192496,46.29094088786246,68.50919166341937,0,1,1,38.3988504939652,0
Computer Science,7.792560856525439,45.675385738046934,88.66847740532883,64.56567601181048,0,0,2,75.68191192744997,0
Computer Science,6.823105643115926,69.3907322321278,100.0,74.19081242738564,0,1,0,58.791877355677286,0
Computer Science,5.963634721594927,67.18281796652361,50.18682466934024,50.67820759113546,0,1,2,66.29027487605391,0
Computer Science,8.546948793936174,55.78816152487526,81.5710269235565,90.1895226797699,0,2,2,63.03346371602807,0
Electronics,8.280241413550392,67.1147404941809,70.01664917030939,60.74232709936636,3,1,0,68.81837655616718,1
Information Technology,7.38098896346474,88.82940392065393,46.83349227627634,41.39211551782373,1,2,2,54.90562420028217,0
Information Technology,9.715964395257199,75.43103711825448,77.39325957777805,68.38532042585192,0,1,0,50.366850978908516,0
Computer Science,6.215898280408617,47.88487235370893,82.50404807256022,49.67875131594527,0,1,1,43.694393412177554,0
Computer Science,5.669369794890313,63.32736759285584,60.9831017099673,76.97602162115975,2,2,2,31.720617331857728,0
Mechanical,6.669710316142507,52.925502787211585,87.48874780382835,100.0,0,4,2,37.55933658754167,0
Electronics,7.445296780373402,59.18450125387158,44.998548898162035,50.841702351958695,0,0,1,52.69164557799557,0
Electronics,7.79200733918723,58.79576501555536,47.57865780325534,70.98270199803173,0,2,0,27.939210311290438,0
Computer Science,7.2105167305724045,57.83531626093992,72.04896093383128,33.4008994033167,0,1,0,32.354281917279394,0
Information Technology,7.922466475817156,46.17296942039908,70.38077916958407,73.17029412994425,0,0,1,80.84279785270355,0
Information Technology,5.998152690971467,63.08517977722715,59.25139767363842,49.05715160360559,1,4,1,64.48358969707584,0
Mechanical,9.232517524887912,56.590885447290354,82.14391653957829,53.75297686817932,0,0,2,50.963265435929586,0
Computer Science,7.401418585928917,21.05826964996598,77.96341471323925,45.1768431828831,0,2,2,100.0,0
Mechanical,8.840754997905753,95.79458036752494,82.87208606401023,78.17872206898524,0,0,1,27.035005625739426,0
Electronics,7.911270415653245,81.33154481325008,,83.13147843451873,1,2,1,79.51222552923643,1
Information Technology,8.04810386298454,59.35548912612506,79.03870401967511,65.42093386385314,3,2,1,57.77067834441168,0
Computer Science,8.183720736278644,65.28228574610898,63.31524545455008,,1,2,3,75.70094045825624,1
Electronics,8.037250272020778,47.42518479023657,100.0,93.61141464986952,2,2,2,62.17907434541614,0
Electronics,8.271267311841052,90.43584316716299,57.81181344817021,51.49261770041619,3,0,1,22.55509875509485,0
Computer Science,9.094983036158917,93.45933042159668,100.0,26.0834186013061,2,0,4,61.90920935117657,1
Computer Science,7.735825403641764,67.35040592369786,70.52331920634113,73.25100217922723,2,2,0,66.71111709279197,1
Information Technology,8.350804509106215,80.35295966278017,49.36733665646886,45.1140558744527,0,2,2,16.16029402951172,0
Information Technology,7.392317166855328,67.62930168400885,90.52119025732901,,2,2,0,98.88096587603796,1
Electronics,9.228140658539367,44.94911841686104,71.88852082592439,58.13952145987846,0,1,2,66.22415188345545,1
Mechanical,6.688329237528876,58.82264946554514,82.76686147570356,75.86683832979553,3,2,2,73.43975480272991,1
Information Technology,9.661128519492978,66.97891950157936,88.3578387781389,90.22700623793884,0,1,2,36.68941220847377,1
Electronics,7.451810459226788,58.181784218848335,75.06933331217537,43.240540436827004,0,1,1,73.81235044291236,1
Computer Science,5.783069877458343,61.72020083847446,61.11638732780778,54.8131316439367,0,0,0,81.79008919126112,0
Information Technology,7.653725297892947,63.629006637363275,84.63570066503875,63.637920692172855,1,1,2,65.07136456275691,0
Computer Science,6.682738011030143,63.78682253201807,70.01133261181893,92.67592374261818,1,1,0,59.81256882958471,0
Electronics,8.508772258786468,65.78387735746225,80.28786727912629,53.14911107707198,2,0,1,42.12823750203167,0
Computer Science,6.71685122483713,49.09092400405099,37.69404139312808,54.298933472917874,1,2,2,55.67586164433348,0
Computer Science,6.9645798801422645,,76.70472575514778,73.60653036000456,0,1,1,49.759409714814396,1
Mechanical,5.232551122865363,45.73123601450046,60.42121262282455,54.609882937209726,0,1,2,71.43991274785368,0
Mechanical,6.957232416901108,79.667233245293,94.79964455767796,67.7454658921571,0,1,2,43.00248149765195,0
Computer Science,4.591344808045252,33.415295872395134,79.34631021833643,37.07232642257372,1,0,0,71.29301443007115,0
Computer Science,5.599316611817132,82.30385514975389,73.59786618773946,100.0,0,0,1,43.22028874540687,0
Mechanical,8.412497587373156,85.79524095894266,77.29464990025332,40.74123385443074,0,3,0,54.75294891679963,1
Electronics,8.442960190381,60.46729119526068,55.02338720684923,59.20845132817625,2,1,1,72.32088794025633,1
Mechanical,8.010549074141958,25.952943682590522,94.34885035792081,64.4153413548423,1,1,2,45.92406560027912,0
Information Technology,6.339628628244944,59.580341570490646,99.87055627625357,99.42838641842232,1,3,1,73.01072977955204,1
Computer Science,7.442746372629625,64.0372375806677,75.89370265822325,41.15277594321068,1,1,3,71.05988315342736,0
Computer Science,7.495676953091318,49.8410267010663,93.85605352860458,100.0,2,2,1,54.580986532461125,1
Information Technology,6.109962372968949,57.271724092876354,61.46277701991199,78.62918277983641,0,5,0,83.23566402711579,0
Mechanical,9.30407796212058,87.95292798295027,,72.50771583961843,2,0,0,61.55568683954229,1
Information Technology,8.552834748690806,74.97390743452611,70.61387123093384,47.2765936336768,0,3,0,82.045530531707,1
Computer Science,7.2348429914044035,51.13153828432851,76.52411557551848,75.28054235668533,0,2,3,95.86929849754357,1
Information Technology,7.532263006793437,41.03601245606852,64.09019978135319,,2,3,3,55.173979565973774,0
Information Technology,7.7500593695370625,,78.06652285552725,,1,1,0,72.89909968054793,1
Information Technology,5.049918157890851,61.79814830974343,74.59584223110122,47.5208834760608,2,1,1,47.248641493542486,0
Information Technology,7.203387140975284,72.44298781044975,55.02539837063418,62.96314709979049,2,4,2,39.34371180983604,0
Computer Science,6.681618902402642,56.97024931148511,77.78189526177582,55.005084415762916,1,3,2,56.090806852271434,0
Computer Science,6.298055988126102,72.67249363042792,82.95292363782282,47.2245866763141,1,1,2,32.74799440501074,0
Electronics,7.162679648536854,94.02731060090343,72.57203976385587,78.34375670434245,0,1,1,41.247844407053805,0
Computer Science,9.657223832219428,77.23251533666394,87.28972154892539,74.6382574533734,0,1,2,71.82865198642136,0
Computer Science,8.269011433520411,,51.73894309754572,86.76218358021795,0,0,2,49.72701969102323,0
Computer Science,6.814585212260644,62.25274293420058,77.01925633197777,32.96224805225299,1,2,3,74.21028174243723,0
Electronics,8.18709933762739,59.64990298730193,52.44578940404838,84.15507264213879,0,0,0,65.98823876034974,0
Computer Science,9.179226523903203,,53.28877962650369,100.0,1,2,1,97.0230812403823,1
Computer Science,8.609560419495322,55.59029831073046,60.53603749393315,56.870460394814955,3,2,1,70.48674571152091,0
Information Technology,7.571556443904209,65.67834063499974,55.869097246386325,99.11267501796145,2,3,1,82.28436140558628,1
Computer Science,6.723675866753311,65.76796852821629,61.78006271888293,60.26309710292312,0,3,3,68.03769326255093,1
Electronics,8.337867976336309,57.47323710782702,66.78774533933216,40.29662472389648,0,2,1,66.22787002156146,1
Information Technology,7.972182462506099,44.413016781738484,82.55731729497077,59.49861603667768,0,2,0,83.2946608422663,1
Electronics,8.574231864033278,69.84461755426503,65.18261441941446,83.86767141815497,3,2,4,73.3759493173053,1
Computer Science,8.262206162018364,64.08494042216924,46.21561439845611,49.91282331803244,0,3,2,64.20127225914857,0
Information Technology,8.759463258383201,72.50360704154855,87.10101769742741,54.19390413788323,0,3,1,64.11309331859435,0
Electronics,6.857717746127318,56.99599540341249,57.443647995774406,75.68370978127743,1,2,0,70.76458623660832,1
Computer Science,9.080872878761191,83.31231948219572,69.11919359343057,65.05508210129432,0,3,1,46.5725296108023,0
Computer Science,7.73711952563088,51.848393281822325,76.69804760411067,75.52321314476133,2,1,1,45.72401067722603,0
Information Technology,9.990313047150318,90.68060426026838,72.99415627604174,69.28093173365005,2,3,2,88.50811864745864,1
Information Technology,6.6729746182925185,,86.41269321282213,73.63325575192832,1,2,1,97.28827327719995,1
Computer Science,9.5831565637983,71.52155096835337,77.18504715089138,57.21857865542826,3,0,2,41.422350831796685,1
Computer Science,7.737492940155177,72.13146023789935,57.08035630454338,69.17115695654707,0,1,0,46.620111351205914,0
Information Technology,6.718298395662662,53.06664398088677,100.0,48.30728589747319,0,0,2,82.8504563900829,1
Information Technology,6.919336999134814,71.36590906791518,72.9150019500735,88.19180520506099,1,5,1,70.67039986284793,1
Electronics,7.115583230166815,84.19278004640238,67.78989660067741,53.58305509728835,0,0,5,73.52856210641845,1
Information Technology,8.0089991356823,31.747717409689034,84.45888134583356,85.31925477588901,0,0,2,77.93202589706114,1
Information Technology,8.1274025856426,72.54117211236222,73.74176418895108,60.795074702308426,0,0,0,55.185356765118485,0
Information Technology,6.811559995273705,27.600937695048838,75.98842289408991,68.63598219363178,0,1,1,66.59939849980373,0
Information Technology,7.47077448928682,50.51502794715188,100.0,56.090638083967384,1,1,0,65.04384301396185,0
Computer Science,10.0,89.43749547351418,65.8731785761743,46.712082238975476,0,1,1,42.83016799509079,1
Computer Science,9.573051804120853,56.27326949911919,65.23358658973906,33.594313023104576,2,1,4,66.30181886431407,1
Electronics,8.023588403608839,47.391800533865414,71.74867768018696,46.004165145335726,0,5,1,84.75421392299336,1
Information Technology,7.5456041738018405,62.03093406522977,86.07273903371558,59.169640642113414,1,3,1,53.31733522313277,0
Information Technology,7.644037592061913,96.01859507245328,47.40198954714401,68.81382521891992,1,2,1,63.05138497481868,0
Information Technology,8.2362215672765,37.52476629190961,40.51666162785242,83.18682763909874,0,1,3,64.13417832021712,0
Electronics,6.272648921761913,49.230351325409835,61.193270940697786,56.97636572365672,1,1,0,54.306708991294585,0
Information Technology,7.191148155091986,87.4614752476944,45.491155614110696,49.124706243190865,1,1,3,73.53802475388716,1
Mechanical,5.4976991113468925,92.86553515306599,63.62752978711542,39.031133851951175,1,0,2,46.39868737490025,0
Computer Science,7.979067747126335,63.44853163564574,77.53749544193936,73.64114512227387,1,1,1,86.65291037391869,1
Computer Science,8.276635127643289,46.41420946210037,56.63876704671605,89.89750127592818,0,0,3,72.52411123264491,0
Computer Science,6.920176245240751,96.43765252713739,48.597601348279866,87.7939448232132,3,3,0,41.26462798654211,1
Mechanical,9.38878411594804,88.91663587623795,71.04005742573023,77.77878946665027,0,4,1,93.96019369772506,1
Electronics,6.02908120439719,75.18420481643349,82.93815226922756,76.49377971081678,0,1,1,63.36202922523191,0
Computer Science,5.742750143748216,52.8139647659387,44.575398422250814,95.55722803476814,0,0,2,45.54104965529896,0
Information Technology,7.769342182271966,64.26455988742946,82.30348597458976,70.97746630550259,0,1,2,82.09109049982382,1
Information Technology,8.756517963134586,62.594598784327545,82.25959305607489,76.63033416843508,1,0,2,69.8934303889605,0
Computer Science,9.520713229749443,69.96276956923367,,59.225890486664014,1,1,0,24.560805915319236,0
Computer Science,6.949338884557272,86.76502157197004,88.27720322307529,40.48321932461437,3,2,1,49.48679365512292,1
Computer Science,8.794417000117555,78.19125561706105,100.0,52.69071979100763,1,0,2,65.58194674443088,1
Electronics,7.453789836599151,48.839358845228624,64.65861927071417,64.83513730637621,0,0,1,16.808666447146827,0
Computer Science,7.2928472400710165,85.64744675029307,71.64357370116787,66.09413670502344,0,0,0,61.70140170774788,0
Information Technology,8.560391924984007,69.69698210019733,63.75342350127962,99.67314538739707,1,0,2,63.1595874541052,1
Information Technology,8.282787454096104,75.30598693788374,70.02965267133716,66.46298901663924,2,0,2,36.33016235248355,0
Mechanical,5.608329411618901,86.99811288917904,92.99310033454468,86.21918199246159,1,1,2,65.41289772519927,1
Computer Science,9.271848419671075,48.32629625729673,49.82478274103997,57.16860965162631,0,4,0,60.14927678250067,0
Computer Science,9.156109624976942,64.46261631940305,57.08425491751637,59.38983405622579,1,2,2,36.17411788229971,0
Information Technology,6.749324758188565,57.028181729611774,90.65771404756842,41.07786252997793,1,2,0,78.3912109372565,0
Electronics,7.974964240124891,41.482108619518165,85.30054760353134,51.63809576822171,0,3,0,76.7570758953561,0
Electronics,8.092836223539287,70.2006496640738,64.55302529774383,74.48566504454756,1,2,0,54.205258262952775,1
Electronics,7.812808518988689,100.0,82.8160300168108,65.1360832470944,0,2,0,56.02837353216353,1
Information Technology,6.839633815385496,37.39883383241371,75.1182376373805,,0,3,1,74.52527875190691,0
Computer Science,6.694051958474338,64.51579083425794,92.50411913501482,68.26257107021091,0,1,3,55.98673713776387,0
Electronics,7.469335114810265,74.60814402612161,71.11764390740159,58.655832830520644,1,1,0,21.381835989596908,0
Mechanical,8.907274823111237,66.84617302484271,85.38448170808874,100.0,1,2,2,69.73873114799855,1
Computer Science,8.152320185513318,63.303079212263896,,63.30973576316515,0,0,0,43.73481358522983,0
Computer Science,7.0552628014966725,45.51175454831264,78.97148732571199,85.93401745469548,0,0,1,52.203138911648125,0
Computer Science,8.426038452778014,68.49180114410245,70.73992248692265,57.778234282195804,2,3,1,119.05544872589113,1
Electronics,4.08174885524391,53.6485403447611,80.8367047783147,77.7727906289042,0,1,0,57.320430519824036,0
Computer Science,8.878518840446525,32.1511744253217,64.52078712694173,81.70428186473036,1,0,1,60.03469871747746,0
Electronics,5.4123434654662805,82.91888330770595,100.0,68.75285547036046,1,2,2,70.19334550927195,1
Computer Science,7.065070870316242,79.37578729763064,72.70106556543972,22.61930739146116,1,3,0,70.10667887748065,0
Computer Science,6.1563961264486275,65.7749146527662,65.90600019661731,65.32854429541003,1,4,1,41.61604465244433,0
Electronics,5.9463822291349135,68.43612032308553,57.464664924699456,87.14828085967956,1,1,1,58.79402968931251,0
Electronics,8.892992144854222,81.11477019073342,86.45830287409657,74.49465499449914,3,2,0,60.72305055851654,1
Information Technology,6.9387585584257305,68.36509485167124,83.00781119241609,73.02509975412644,0,0,0,65.44053793257653,1
Computer Science,7.915804658076859,78.56026332141971,62.539684428788604,33.99937518876466,2,1,0,65.78443881833239,0
Computer Science,12.173799881132549,60.53776698689225,78.64677017683634,52.03180872784894,0,2,0,100.0,1
Computer Science,8.072448992667745,84.6797560786092,47.37166047680715,72.40443736072591,0,5,2,36.48280458825511,1
Information Technology,7.5921862692723066,69.81178588899026,72.77455862609735,72.38689898216406,2,1,1,79.60183240395912,1
Information Technology,5.960409330973716,67.9107791540881,76.79134528115041,,0,2,5,83.66751611666118,0
Computer Science,8.695520183336567,45.94908366931952,95.60994714338834,62.3923984073703,1,2,4,69.85567947847055,1
Computer Science,6.907492100206425,69.30433781452562,58.43771795906966,72.30483356012866,1,3,2,46.9936921025385,0
Information Technology,5.632101721608299,52.52067623758323,,65.29473635476329,1,3,1,93.29336060535253,0
Mechanical,6.986261806840905,55.42575910207259,56.56858058612438,47.23503074297198,1,3,2,16.16034270519604,0
Computer Science,9.300911748761173,52.76936557525818,49.9514724952762,24.395756040294543,1,1,0,46.334666055643474,0
Information Technology,8.520266090536191,49.006476021511624,90.04986036638475,72.75817445834139,3,0,0,83.43364394445622,1
Information Technology,7.081617438710569,96.87157104525443,93.22958942536054,68.13104975143061,1,1,2,52.59776793154964,1
Computer Science,7.080890754817886,84.97008592982604,74.80324866923243,53.872849242196956,2,2,0,91.92929049600372,1
Electronics,7.114037938539141,93.80551253216392,88.31942418527723,35.85488498271444,1,2,2,29.76390510643199,1
Electronics,9.99209758027301,46.65657470666654,72.00937570870353,,0,1,1,37.75796212103984,0
Information Technology,7.958322542677864,66.06880624866339,68.5733252844885,60.213438664480066,0,1,2,49.367236597460504,0
Information Technology,8.016049976629283,45.597385621938564,65.00443571419358,75.02374500262663,0,0,3,68.34798555073057,0
Mechanical,8.736340144838211,54.56457684204404,65.34413512933652,98.55287354741165,3,1,0,125.2278037594873,0
Electronics,7.786546990831816,51.22809524875138,46.78297665536453,26.454244154245313,1,4,1,50.19201494875158,0
Information Technology,7.189149425015156,83.59376009662343,73.96382145411008,52.40718544335745,0,1,1,88.40792862197048,1
Electronics,7.264380181098026,59.0565548284736,69.39499134678934,61.23123896038556,2,1,1,90.26889950778302,1
Information Technology,7.414078488703123,81.02569000541024,81.18041086116814,91.18687113463972,2,1,0,51.71240468584889,1
Computer Science,7.45533331618819,74.06181334382777,71.40285244657915,35.544745654283275,0,0,0,25.804643853406752,0
Computer Science,8.373155452364376,99.55458128157183,67.55944447646363,99.84549846225089,1,0,4,16.850323416252408,1
Information Technology,7.562335062968759,42.80833665290414,56.932104549885544,67.44540622819324,1,0,1,64.78580229560713,0
Information Technology,8.379168092658695,83.88849859680198,71.08229855232642,63.27198808879055,0,0,0,73.11911244437594,1
Electronics,7.403140103869701,82.19661305601092,81.07355846224243,61.43492426205968,1,1,0,61.25995571157092,1
Computer Science,7.594362228379309,50.39931742959448,52.84991513374209,57.14726542075948,1,2,1,58.58183785838483,0
Information Technology,5.102159178561471,80.1070000470974,71.31210630521109,83.86610166684478,0,2,0,43.90914770611835,0
Computer Science,8.599593209642977,70.04217444539343,73.49564427294226,45.7666264265161,1,1,1,73.09959587827677,1
Mechanical,7.915786171077591,61.587856100698886,59.229028245726035,71.21745526958937,2,0,1,93.5637075779782,1
Information Technology,8.697612131831583,52.64096769542,61.18215542638,58.08473001727444,1,2,0,15.662446453288883,0
Information Technology,4.024493546167573,54.21335822826221,73.45916273149322,51.28159792674624,0,0,0,58.449976224245695,0
Information Technology,10.0,95.74718143678889,52.99868472561066,100.0,0,2,0,40.59303301172799,0
Computer Science,7.3324924462137915,65.01024228436223,75.24885572874089,72.54291322556229,0,2,0,30.19068011892297,0
Electronics,8.82981938008502,76.73195002297189,56.569684395112,76.03877980390058,1,2,2,37.400482584311675,1
Computer Science,6.252112887449363,53.1365092749867,85.94280539549824,85.47998205203592,1,2,2,67.59345711368809,0
Computer Science,8.235328686075084,53.30220580667542,100.0,39.41570098426615,2,0,0,68.09924395182333,0
Information Technology,6.235901324191612,81.22977213874913,57.08864797447271,96.54125436419658,0,3,2,89.205755223496,1
Computer Science,6.751477247165034,44.756356826727014,78.01311793562012,19.838770787088638,2,4,1,60.17563094290922,0
Information Technology,9.796837624640144,58.77179348142093,59.09887142676971,51.16220461930663,1,2,1,24.83556740260843,0
Information Technology,7.271181119083984,65.51041116608349,85.61431260696685,56.73742988277979,1,1,2,55.23660915248057,0
Computer Science,7.760919447815668,66.67058902760078,51.02112386372177,75.4710205694691,1,3,0,32.272418555684325,0
Electronics,8.544081276826505,62.313600724757656,77.20880137641569,68.93692879054677,2,0,0,35.8640822715599,0
Information Technology,8.094818265567126,70.93729671643885,56.90516549665971,61.99733466742892,0,2,0,71.6111811681299,1
Computer Science,7.680502686172291,75.39283633726717,66.89523116352447,64.78404779670097,3,2,1,63.8836181118884,1
Computer Science,7.93795320295947,76.01956318188995,54.53462087279039,47.395585576593774,1,1,2,71.75131190870661,0
Information Technology,10.0,50.2129428699826,82.3352570634363,38.049816899284885,1,1,0,52.850143054565436,0
Computer Science,7.430857443559698,60.73767353106804,57.445294683406196,78.07720920204909,1,0,0,75.81059126850712,1
Mechanical,7.741318856057961,82.92144292815406,78.27946388997741,77.48671002565133,0,2,0,51.73194203419777,1
Information Technology,8.760785275209134,78.41970781360808,,93.52089875282705,1,2,1,82.33365665484494,1
Computer Science,8.82663111954958,44.40710822778404,68.28291442301706,50.77969225732626,0,2,2,66.89277878943085,0
Information Technology,8.924436366672456,70.27219850528303,72.21633861100193,77.47067378541661,1,2,1,55.86006259030765,1
Information Technology,8.26647626643502,35.326621259377845,58.57262992511727,59.893278889434825,0,1,1,64.24186088352194,0
Electronics,6.128394104723419,65.70402353090554,73.1555067031133,86.42854973348268,0,1,0,59.64278598050164,1
Mechanical,9.460117838761315,93.46650525118966,92.95501846531617,83.39532998020655,1,1,1,91.92213030625847,1
Mechanical,6.124385528377575,50.7816092409652,58.328578212509285,68.80176918604022,2,3,1,64.90875245157578,0
Electronics,7.86316255828684,52.48515431762627,,58.88845718001224,1,4,0,59.96774655210983,0
Information Technology,6.594868979976771,76.4604467235929,92.47146450231676,82.2967792149487,1,1,0,55.230182858984016,1
Computer Science,7.423033984088409,41.85797727185531,57.75767516457934,76.64428141861818,0,1,0,76.86368438490022,0
Information Technology,7.894514892364177,55.50867455172441,48.17418092364172,52.68007276244872,2,4,1,74.1582667810701,1
Information Technology,7.885628658540328,73.9466170637263,74.52941350257647,41.09962387737024,1,1,2,54.523167393747435,1
Computer Science,8.006304905082342,55.48571228465895,61.788887158496905,59.80640778772767,2,1,2,36.887169707543826,0
Computer Science,9.436453522870377,61.46045019183543,98.02904828744504,92.27744867626777,0,1,2,41.96063723243293,0
Mechanical,8.044241161816776,76.16278565472552,70.52211310749749,85.6367688571947,0,1,1,56.31674920915608,0
Electronics,7.2070120376512214,71.32319125304842,57.96700887947231,44.978105545929544,0,2,1,86.97855012238166,1
Information Technology,8.65690460194603,69.00227594443103,52.792607334824325,43.98036651380142,0,0,2,54.99646741506172,0
Computer Science,8.927364586709569,59.913165810949415,86.34857438636246,87.94430929423075,2,1,3,141.4386519078027,0
Information Technology,6.026870621835609,70.55091672903433,61.432240388737206,44.55855371435908,1,2,3,24.785613735027074,0
Computer Science,8.216880083819829,,70.65743199190642,74.16731582555614,2,0,0,90.27082871204593,1
Computer Science,8.341407290773079,71.86708414888678,84.33704117668721,53.91071812394617,1,2,0,71.3805629196292,1
Computer Science,7.142923795968009,57.54601962323033,62.73612472103755,94.10680864139029,0,2,2,75.92019940011716,0
Computer Science,9.150848175973943,62.26146538430688,69.31106756889758,51.13235361551818,0,2,1,79.2337610385875,1
Information Technology,7.3199332955609675,50.15063311171979,69.7514738526622,85.58050754370491,0,0,2,56.705395424820736,0
Computer Science,7.650691744165851,64.47488584990646,80.24986767274137,68.32745577308657,1,1,2,61.691812674950704,0
Computer Science,7.292313810859357,52.83498704556733,78.86116503265488,69.53950737621716,1,1,1,89.77203883903988,1
Computer Science,7.518694857097761,48.2893032475701,66.69829403117757,29.534445535674774,2,2,1,63.59161778638274,0
Information Technology,6.184469895725758,68.87991721783082,70.95473592244777,25.347559642297064,0,1,1,71.75050580127989,1
Electronics,5.771938940886847,68.1910966378649,64.42331482714766,61.02981307518835,1,3,2,77.41101434401023,1
Information Technology,9.413406075869966,76.74310602422858,47.83581389620833,69.444309141499,0,1,1,72.85862664845287,1
Information Technology,6.483646382018007,58.53311645637351,73.86401286097194,44.746439100720984,0,4,1,57.43661659467013,0
Information Technology,6.310329180652431,71.12079270255134,98.38287641249602,,3,0,0,59.32232314372161,1
Information Technology,4.915931863675542,73.26196358410495,56.744212889634056,75.1065073368704,3,0,3,75.55280875951884,1
Computer Science,6.733245902772597,71.67160711747393,58.404554355959455,75.13138064822834,0,1,5,75.52005719869453,1
Electronics,5.912292247911002,52.61519475796787,56.93908342534388,62.520660913017316,1,1,1,83.36465198038924,1
Electronics,9.470418192163644,67.24045223406783,80.86887668084684,79.04363098134935,0,1,1,71.02193966619677,1
Computer Science,12.322612590233899,70.46210444081991,76.7272818129466,43.86435867703736,0,5,1,71.93211227184109,1
Mechanical,6.674219585786732,65.10767700361913,67.62193461375315,58.59317149243453,2,0,1,51.07533266431106,0
Mechanical,10.0,33.70283512443373,56.22971407541552,94.66179690410613,2,0,2,48.37700977856197,0
Electronics,8.678118584389914,67.4073443596022,71.38565187459886,66.22979833891672,0,1,0,75.61261348702989,0
Information Technology,7.110202339789653,98.18796559095864,46.53066808996294,67.273625262566,0,0,1,48.5162986396725,1
Electronics,4.500713142151713,59.59941096864526,72.15139850286239,100.0,0,3,3,59.58597993766276,0
Information Technology,10.0,54.07884353217018,83.07286579131902,39.81184101472213,1,2,2,87.58046481942581,1
Computer Science,5.832513039883684,70.60022839567097,51.232012950494834,,0,2,1,84.41140584690177,0
Electronics,5.52552150365173,69.68567315699858,47.012225847555044,94.9517530365458,1,1,2,66.03577661594367,1
Information Technology,8.727084518411568,82.89102748124623,93.69156837542289,59.15255732302617,0,0,2,54.0772084033258,0
Computer Science,10.0,46.13197766136668,60.823605407431224,80.47335416338723,1,2,0,57.532421793129906,0
Electronics,9.161127382212621,75.97070378862489,87.03921768915733,47.32364905020371,0,2,1,77.35320282111229,1
Electronics,8.176690944062832,73.85633091877195,67.69003502203252,52.63881687978767,1,0,1,59.27001445107669,0
Electronics,8.213705209998343,62.86780194589181,67.57067774588009,71.92939548885742,1,0,0,48.83435213979472,0
Electronics,8.52409867053637,70.08030976882534,76.57619049244967,79.37420011599062,0,1,1,84.31549512815948,1
Information Technology,8.410714307744119,80.44186222397536,56.74001714880339,85.17685722331242,2,3,1,63.63200278258562,1
Information Technology,7.837429708763251,78.08473070042676,71.98745715243469,93.25331456491088,0,2,3,48.454883580165074,0
Mechanical,7.625041324742251,47.85471031889407,64.2776587776386,63.78596194600672,1,4,2,69.57880377865261,0
Computer Science,7.424888246520573,77.30237280133227,50.192598348924534,86.48501159310658,2,1,1,79.42436826385017,1
Electronics,6.595242493359988,64.02967092451223,75.06223112089599,,0,3,1,39.84653870424479,0
Information Technology,7.163189907759871,66.09311147023271,66.05038289683125,81.23764360858883,2,2,1,55.99092173294131,0
Mechanical,5.4684518229655374,66.09795486502541,67.64462757332939,68.73479836133927,1,0,2,55.06633264823176,0
Information Technology,7.3819924478463,62.746355168026106,51.84758584878763,73.02220232747463,1,0,2,69.04574331566953,1
Computer Science,6.3136906714188985,82.87561245660598,93.87100551644207,72.62314173239668,0,2,2,72.64016645719717,1
Electronics,6.175692819341075,63.74423060226182,83.15071279579175,36.11530982363938,1,2,2,48.97052177441029,1
Information Technology,7.715872981384174,48.20680807425247,84.46233826257968,44.76580654050608,3,2,1,30.1449764818795,0
Computer Science,9.170402743613518,59.09705216045407,65.41832946337477,66.8457459167154,0,1,0,80.63597509198802,0
Computer Science,8.601979927202775,67.68042075215713,44.0622566574487,34.62897656645897,2,3,0,37.601094588455744,1
Information Technology,5.615399275652187,83.43822176445576,99.29376073734267,79.96179985759561,0,2,0,65.42368410087755,1
Computer Science,6.312446236115595,74.0464202742325,69.08353737991197,80.68800739318655,1,1,0,57.36038202538635,1
Electronics,8.628925425585859,52.24197081879434,58.7680030596992,70.88906995180022,0,4,1,63.24887810408151,0
Computer Science,6.321015127754029,100.0,76.2520236172467,44.8195877703574,1,2,1,93.02467943413716,1
Information Technology,7.230440220003571,68.97162966466969,87.50681182004946,89.84250089963327,0,0,2,100.0,1
Computer Science,8.160062518829463,84.13086106998522,69.654241658718,100.0,1,1,3,27.33125177202783,0
Computer Science,6.337986654163638,62.72428349634156,89.17862751909063,67.64738289402753,0,1,2,79.67812310665848,1
Computer Science,7.626450607375152,73.00038867058174,86.24499907775304,74.18963681212226,0,2,1,56.87504454644708,1
Information Technology,5.899169406098155,77.59202756777607,53.85428218896912,68.63129578632879,3,2,0,80.95709027425104,0
Information Technology,6.778358827258543,83.27292067631384,59.89314841510785,74.54664540197838,0,1,2,79.14526152358327,1
Information Technology,7.8837383209710445,80.86052458067337,84.36305744919652,,1,1,1,88.19489614396326,1
Electronics,5.588407519761997,78.08295500109467,29.31081154284343,64.37784368281154,3,1,0,65.69929830325394,0
Information Technology,8.028569685552478,60.27369903208837,67.75816460252517,81.30291680895257,1,1,1,42.20847030089952,0
Electronics,7.476434641287983,56.42380937065908,48.537531975629925,100.0,0,0,0,78.5529897741924,0
Computer Science,8.162987945300577,69.98911265486296,,39.798717780768705,1,2,0,62.35995152288129,0
Information Technology,7.768696960877594,78.99692108511604,65.51769866456193,63.131375280746596,0,3,3,55.32313569731735,1
Computer Science,9.136968515968613,61.6591894883509,64.62633433138738,43.75171126582252,0,2,2,50.47552238590076,0
Computer Science,7.6502694031774885,80.9775794857158,61.71608121831087,93.6564481743695,0,0,2,80.12671138210258,1
Computer Science,6.984713350649696,86.78925118229269,53.54284525556779,54.42071655224183,1,3,0,92.06738984014754,1
Computer Science,7.646757003638741,51.2551862138987,100.0,39.022385711855705,0,2,0,36.092948826007316,0
Electronics,8.151957634843665,52.4461894430558,98.01193006242026,76.48736597927432,0,0,0,72.43904484957861,0
Information Technology,7.558632084390845,62.894374116419954,52.569012696155745,96.397600065376,0,2,2,52.552256291547096,0
Mechanical,7.548710029444659,69.61419002283795,93.73175126955351,76.94476163409372,0,0,2,30.654552036157728,0
Electronics,6.657609974631893,57.131494793494234,64.0080176429072,68.68636179107452,0,2,2,62.95411641526017,0
Mechanical,6.704518898938862,85.28304018300716,71.93781209997566,72.3645366099679,1,1,0,43.33724439620879,1
Computer Science,5.816873673840368,71.36100292277676,69.05089060154626,90.46713193085999,2,2,0,28.444935443996048,0
Information Technology,9.599492091824327,65.5917057236111,60.103770381190515,49.2644131397453,1,2,1,44.36519055550931,1
Computer Science,6.007364117530458,43.46135714197209,84.7577851540922,62.98675212644637,0,3,1,39.44452164172293,0
Mechanical,6.668513762644912,45.262762753587396,71.88829795864987,56.85157732682839,1,1,1,47.06626293873217,0
Information Technology,6.637911281316963,69.2151387542271,62.851728651711376,43.97842446874922,0,1,1,33.48231846092622,0
Computer Science,8.57390925233333,33.01106560767746,50.43115834299291,59.089245330497555,1,3,1,52.097197827475725,0
Computer Science,7.146060386049567,80.18956114466107,56.596074794213195,84.93897972768407,0,2,1,45.73501743832055,0
Information Technology,8.997290487208481,62.627692334415194,45.37929826596855,75.19883867106905,0,2,0,67.51227754291315,0
Information Technology,6.6918112509073575,100.0,70.18335322622754,76.59758900194761,0,0,1,71.87077972796631,1
Information Technology,7.834792994668562,99.61874375924165,52.05001611573406,67.63656100975973,0,3,0,65.20297153556884,0
Electronics,6.497583536088292,62.27826396128725,66.01659231222189,74.41982808911459,2,1,0,55.291110842529825,1
Information Technology,10.0,63.40494496203028,90.55152780415557,50.5893738377341,0,2,2,54.751448086153715,1
Information Technology,6.074881897164585,79.93372271003045,87.98949359382378,59.42882205330987,2,0,1,43.25850025177269,1
Computer Science,7.871784852272433,,69.51584658846073,68.45607626543618,3,2,0,43.74010681180126,1
Information Technology,8.260532257118518,40.429564138459746,,69.99528545987403,1,1,2,74.07207736157473,0
Computer Science,7.996558916941797,38.2043680196797,98.19811824131511,70.76338138859371,1,3,0,24.805948026990716,0
Information Technology,7.27765480934675,55.66947791668428,77.81134180538066,62.5099649237052,2,2,0,58.38550123374115,0
Electronics,7.344215160319888,73.74106374760797,65.08290310185215,58.20637877965406,1,2,1,53.52941876877598,1
Information Technology,7.552573766374931,72.45310385761395,48.60972824319322,100.0,2,1,1,71.98264202749785,1
Computer Science,7.323597598045813,81.04657182475775,75.90809827247115,81.32217091278318,1,3,3,31.499760331552984,0
Electronics,8.656654940153892,47.00453707452038,,72.4366545671472,0,1,1,60.24961410971879,0
Computer Science,10.0,30.25784205546685,60.52522713229534,60.80224703228491,0,2,1,66.85968682718213,0
Information Technology,6.831009857990599,77.87021292953219,74.36804132707049,56.878061115010226,0,2,2,21.9053756275201,0
Information Technology,5.856236424505107,52.57705590552148,64.54640057627456,62.6455893129148,0,2,1,38.51344054276525,0
Electronics,7.394061541978494,34.72268203417043,67.23951401201496,70.2709191845603,0,1,1,58.164203063744175,0
Computer Science,10.0,67.17595618939072,32.68266913656503,31.15216020686454,2,1,3,70.28293815268609,0
Electronics,6.535590518436323,76.89763532328016,66.67327894425797,36.7509872832557,0,1,2,63.649986222254,0
Computer Science,9.466940166532881,63.16914301818084,84.54053953612082,53.536116999098766,2,3,1,71.20908505899615,1
Computer Science,9.513240976891728,58.13227420726266,60.52896166650163,68.72850986201423,1,1,1,38.4125497471869,0
Information Technology,6.835694109950406,62.6095665178114,70.78789552322975,60.69308335126667,1,2,0,28.22499300543946,0
Computer Science,8.182779695022331,59.44125856398826,58.66073939962119,91.60618206979072,0,1,2,61.69011611513579,0
Computer Science,9.454075947754246,44.779293320897494,75.4066251443916,38.31685783407616,1,2,0,35.412935235717704,0
Computer Science,7.045046710815016,54.279789845143526,66.7521520369574,51.475781547139334,0,3,0,42.693553479043935,0
Information Technology,7.255703567877166,72.81919857520722,55.9113768897699,92.36165133783982,3,1,0,78.64556709652747,1
Electronics,6.801982903261628,69.82517812064751,89.98827201497691,67.36014784415265,0,3,2,63.78199113533702,1
Computer Science,6.28229192316856,67.5208970895023,83.93398020298322,80.92716649042086,1,1,2,48.637101894891714,0
Computer Science,6.7208669459207915,50.07277277219931,60.926398541077376,100.0,0,2,1,46.03936990718073,0
Electronics,6.031271679885292,62.27745256796499,77.46682464126665,52.51152047776719,1,0,0,72.4184311377833,0
Information Technology,7.540900161911071,32.34402430335718,78.06118004230571,63.21234191974342,0,3,0,64.23941871299967,0
Computer Science,6.576032122729631,67.67714995828085,79.63451852516764,60.096315783244314,0,2,0,35.70886715354618,0
Information Technology,7.780543094148897,,44.58616156007383,29.81732591930104,0,3,3,21.043525337981052,0
Information Technology,5.632925224555647,42.88801801936842,85.09909811548943,59.41285753239256,0,0,3,97.636036652803,0
Electronics,7.897056278657349,56.21108490023367,61.45451555611403,80.85911937285198,0,0,1,35.55041549364884,0
Computer Science,8.500234753930709,69.93660168065195,64.632580998381,74.73061175262033,0,0,3,70.55393006600245,0
Information Technology,5.107517228914253,83.79263951641227,100.0,76.14349704898419,2,2,0,90.21385864676348,1
Computer Science,7.948867883817087,58.276630755497756,,58.24083834848901,1,3,2,62.95195137666311,0
Computer Science,8.973202790967951,54.616245061011554,64.20516286829236,53.190249751898456,0,1,1,47.99126647065591,0
Computer Science,6.0484307775705535,35.46615286375875,36.92058440866141,87.84660209417517,0,0,2,31.479019166085756,0
Information Technology,9.507086864205244,66.5515719396216,90.84646200919533,56.04829136556195,1,0,1,31.199789273599393,0
Information Technology,8.002822811239254,95.63114060215617,49.82185493787096,70.29347669827786,1,1,1,67.53389697352772,1
Information Technology,6.653985773089909,69.16037692947013,54.94841644750745,67.9400242521957,0,1,0,89.01952645899969,0
Electronics,7.433077106810753,64.6658153122443,65.02971551368226,91.31090629262813,1,1,2,52.09081806590942,0
Electronics,8.169992295026066,69.83123466150478,91.24617687550439,82.48542243810247,1,0,0,48.885590757012714,1
Information Technology,7.591206469694894,64.83361994077097,81.59859979998639,41.68534482799183,3,5,0,73.94962181622374,1
Computer Science,8.146507190935642,52.80478441609805,67.6324373523961,43.624042998049276,1,2,1,46.281054921905074,0
Computer Science,6.39519168830476,77.34919873516559,74.62438095458232,75.42037672524441,1,1,2,65.48965815256842,0
Computer Science,7.703232988843293,68.38642284667631,60.99421460693341,63.841922347175,0,2,2,60.83602900171025,1
Computer Science,5.803542603714024,65.26419877900486,72.09480534348026,56.80690788883225,0,1,0,51.81063882843889,0
Mechanical,7.36652872638156,50.36950959082625,71.10005117167205,83.28130191190047,0,1,2,59.68923682526959,0
Electronics,6.415310830242253,84.55261897902139,84.5315484352203,68.3742688776004,1,2,3,95.26304229299959,1
Information Technology,6.617364068892281,74.97054117999664,84.50767183658424,65.94423296400998,0,0,0,72.09065888201913,1
Information Technology,8.983311810252525,56.70618743949047,77.40966073308468,79.0369155335909,0,1,1,81.85001608511956,1
Electronics,8.809572144713123,80.02737280522906,64.56478663680846,58.248038091015836,3,0,2,41.62611278159878,0
Information Technology,8.230965745088612,57.536437424221894,81.1273344158519,93.23334173850597,1,0,2,81.9187229521515,1
Computer Science,6.189224682392905,53.26994761233445,68.6204730069543,50.815142781805854,0,2,0,72.7804095093797,0
Computer Science,7.120309860366238,53.604453237795695,53.771284469303005,76.82472319415758,0,1,3,30.008078068812644,0
Computer Science,8.95571723997502,38.43397170367863,63.95068312133592,90.80899109587722,0,2,0,70.795814667422,0
Electronics,7.670060296367886,72.07313570627309,71.26790475676486,40.2086811931022,0,3,2,49.73451726410646,0
Information Technology,10.0,37.53282682492475,83.65323675497118,58.819966834655915,1,2,1,29.083926473487676,0
Electronics,7.971981407273247,46.57334253101356,67.2470774176427,85.55973307194004,0,2,2,62.59551464655239,0
Information Technology,7.730458939788038,33.866179863822,51.86201933140591,85.83040185915846,1,0,1,70.7808518212522,0
Electronics,7.1290602429569985,63.7089546081366,70.8511252494523,61.91307919301169,1,3,1,63.03216137289126,1
Computer Science,7.660249085738738,62.74519309592192,71.70184060084829,51.77592031381653,1,0,0,57.817228303084896,0
Electronics,7.317036196343348,60.09955680220454,72.78756443354129,82.20684480195372,1,1,1,53.38829323083336,0
Electronics,8.34973041202631,49.36133457994136,83.79807273931645,86.30388384646889,3,1,1,100.0,1
Computer Science,8.648042780153501,47.4164936984504,85.28384860134848,44.0360597267769,1,0,4,36.34861222942708,0
Computer Science,6.55681264739046,71.96554795319861,61.086836914275004,43.329554318605155,1,1,0,77.45843964714408,0
Mechanical,5.9025204557306665,56.74172102437269,60.757848129265845,69.05462027570479,0,2,2,60.30845941777967,0
Computer Science,5.296553552276044,69.74537482304217,54.397019335667906,76.32849140172006,1,0,0,42.910669874659355,0
Information Technology,8.109589592295052,51.72126970813666,80.48223505420714,59.61675646585901,0,1,3,59.03201898742842,1
Electronics,6.1759600725913515,67.71594114156623,91.73230162506573,77.22728875968228,0,4,1,32.141347248227646,0
Computer Science,4.916531288457021,84.54917055974096,65.27377108136615,52.21754107692712,2,3,2,48.09019186386293,0
Electronics,7.966294325437157,73.79248700589174,66.3785415291251,26.935515216672762,0,2,1,59.06131348328788,1
Information Technology,10.0,58.813792726752794,92.00173835348464,57.36978069801327,0,2,2,28.977658828017404,0
Computer Science,7.492714906152128,68.85798455533892,77.58336779822511,66.13817863723582,0,4,1,70.12765076976116,1
Information Technology,8.50618892934197,61.3900223820468,76.54353557201583,60.03488072186378,1,2,2,40.72477918176936,0
Electronics,7.598195230257078,65.11820277042092,52.1362524103941,44.145141254129264,0,2,1,30.96558083972895,0
Information Technology,7.381332416170629,60.11583421777244,80.18092103919129,32.318318434181286,2,1,3,38.391645283432595,0
Electronics,8.602891779585322,62.534971911719126,56.06295489235362,55.74640152137784,0,2,2,100.0,1
Computer Science,7.151670546973619,68.18140029611263,52.98969721097563,81.15780388969539,1,1,0,20.438717162623202,0
Electronics,7.8208707768862835,50.09961950627074,,87.61155390944629,1,3,1,68.72246177539581,0
Computer Science,7.886037367435216,49.761817595150326,61.213109148269645,86.37884091449219,2,4,2,44.96727457961427,1
Computer Science,6.6982914556283415,44.171861692531834,66.67600458422442,50.31362836732605,3,2,1,52.99743656964877,0
Information Technology,8.690450819443827,40.99593343244435,48.38527548212621,44.23328617465345,0,2,1,72.07861857360666,0
Computer Science,7.29004829196551,46.74075961669281,84.38224459701509,73.93942306963811,2,0,3,71.09637429677841,1
Computer Science,6.593105808608587,67.39193760206194,86.91529441774644,,0,0,1,46.386071616764184,0
Electronics,8.143811812284484,51.60818726762174,40.789862887887786,72.20305289360896,1,0,1,32.843519867334116,0
Mechanical,6.421838421850755,72.70421696346645,84.67686708499825,28.74686106372026,1,3,2,72.44281947401278,1
Computer Science,7.533817388842954,65.52070623128843,57.84207055267561,49.3960774720976,1,2,1,71.04754386018688,0
Information Technology,7.489057204026956,35.47243679842919,82.8546330547418,64.46560177485239,0,2,1,54.30060982423623,0
Computer Science,8.803074678997893,74.82463376332535,68.97330261000377,73.76992750334769,0,0,2,68.83888767616757,0
Electronics,8.069637879455943,77.16197968387564,70.43163346121497,78.81153252684476,0,4,0,51.08341038048929,1
Information Technology,7.469967649505827,50.0920598774772,67.22353525868172,67.59656340107672,1,3,0,43.45924869930423,0
Information Technology,8.481319559040344,71.30287314342488,88.18193806350229,70.95410851768825,0,1,0,60.0792436224215,0
Information Technology,9.168249058820775,52.15252643886202,51.40617981212458,66.52757825049987,0,2,1,70.38065482183035,1
Computer Science,8.169372367622234,66.46505565122503,79.11760508102513,77.34114873593269,0,2,3,66.18500539104868,1
Computer Science,7.512423143812057,46.03252389567552,86.51995247334325,70.6315817268364,2,3,1,70.18325360153345,1
Information Technology,5.925796521179809,38.103403211981345,80.74510120810616,66.18327788085118,1,0,2,44.78842253421748,0
Mechanical,6.2218636043095525,59.25774215580547,100.0,60.169361615527144,1,0,0,91.63762249516506,1
Electronics,7.133730354774399,63.14406580587746,62.06579855912952,66.46324565076466,1,1,1,53.15238289322751,0
Electronics,6.768585357408861,59.03480459578094,84.35957233890296,73.72264481910695,1,5,3,57.62168697046817,0
Computer Science,7.275634436417465,47.239541626661605,68.40864046987869,69.8145570001651,1,2,3,33.62688181564265,0
Mechanical,7.567979909876529,59.00151406803295,88.50109114529005,,1,0,1,56.12289687405432,0
Electronics,8.135631305228078,69.03942128871101,69.88466506417946,89.16899350432134,1,2,0,70.64475473703034,0
Computer Science,7.41540146632909,64.32660454816194,64.18186327206296,,0,3,2,75.25021225385329,0
Electronics,8.083801972591443,67.7375154589882,89.59108305807443,53.318026631483164,2,0,1,91.23881474373565,1
Electronics,7.577369297772144,54.9482719931865,62.62657091471605,80.90492214789505,3,2,0,70.40469791650922,1
Electronics,5.129440120375355,82.5757687207424,48.80911361649166,40.40842992195948,1,2,2,65.53826391599407,0
Electronics,6.372797527417495,47.35739995167829,62.24729675239257,45.53455914669283,0,2,3,51.07409776971362,0
Electronics,7.327094933134061,72.31340445630077,79.28549419882799,71.04525076496124,1,0,1,46.76519183533986,1
Mechanical,6.048366308590671,82.72836639439943,90.88058127380637,74.29514002015841,0,5,1,79.40497029336312,1
Computer Science,8.219914475995445,72.21362139123343,,42.58907797692809,2,2,2,79.02140703477818,0
Mechanical,9.336900998812437,61.96213659402755,89.77295600851038,58.1092853422385,0,1,0,38.45974598302455,0
Electronics,8.96251422203678,57.07554430005531,49.627376177836105,54.090491020046144,0,1,0,74.46191774306963,0
Information Technology,7.2438685548837505,80.54131476569384,63.35104802773146,56.23982618813126,0,0,0,73.00767382791685,0
Computer Science,9.288871364219942,43.6553761210749,65.67137324268849,81.98475997291303,1,0,4,37.72382229971611,0
Information Technology,7.678400948642534,50.44813609430535,68.28160858791219,77.71709834385055,1,0,0,70.80913609578353,0
Electronics,7.095496834658352,59.03663351762418,71.26141582375296,64.65580076263326,1,1,1,39.00907081036385,0
Information Technology,6.763916803750872,83.56480636267997,80.3636643608829,55.172685311931296,1,1,1,11.414140646530226,0
Computer Science,7.137036376214246,70.69651454061344,63.32789742744264,40.70630593603747,1,3,2,56.797951726159006,1
Information Technology,7.034187817750525,50.47931362234632,72.08543030429688,90.56332889807507,0,0,0,65.15629410509978,0
Mechanical,7.704499466850585,60.34538441922645,69.32315664513922,,0,2,2,57.69858390233774,0
Electronics,7.692688777259837,55.78515283855558,56.11165144163275,52.27995612668347,0,1,2,100.0,0
Computer Science,7.503655224184097,54.353165116496974,68.29499966377847,,0,0,0,67.57702458469949,0
Information Technology,8.02432580369562,79.68334337835168,67.84510705154322,63.73597482965674,0,2,2,62.942836385974005,1
Mechanical,8.928775529743609,44.42385306104742,67.5237915249543,59.83202891247783,0,4,3,68.59182606628181,0
Computer Science,8.639464962529589,89.1317128360156,70.47639184872176,72.83380750921285,1,2,1,51.173619911998045,1
Computer Science,5.718122437860115,77.42344535276933,71.1351031092008,51.65303150157095,1,2,2,78.58958124187077,0
Electronics,4.435294638117655,81.36292505905547,63.515572313390045,58.812382648818016,2,1,2,67.22003892354203,1
Information Technology,8.621183893487128,58.05590731962113,89.09072100956897,67.18629915559183,1,1,1,66.30343407784981,1
Computer Science,5.859745561901494,62.75088921381336,52.45779056195475,56.00987852806616,2,1,0,47.51759554266122,0
Mechanical,7.23028151772878,43.50272278212932,59.185448372951555,77.04353378481544,0,1,0,28.713393471018133,0
Information Technology,6.095864368728769,57.130063893997956,100.0,98.6431970662087,0,2,3,49.972278218454186,0
Information Technology,5.337623474903976,72.40482271464727,54.43012967516155,51.42263361307143,0,2,1,65.65267712519784,0
Information Technology,8.149755273845745,84.44094592672094,49.693679879353624,35.0277446665272,1,2,1,51.106010405101074,0
Electronics,8.410986192363175,48.392647747963224,,28.96867698542729,0,4,0,65.83454334134741,0
Information Technology,6.808187519127936,59.51741094522101,38.84320219339189,62.29157345309032,0,1,1,55.352762462873905,0
Information Technology,4.390749249426109,62.73051169651217,66.47089135041341,53.06303737772871,0,3,4,68.61158969253047,0
Information Technology,6.844506662097021,44.06316196711272,100.0,68.74148901920745,0,4,2,40.463517482493714,0
Information Technology,7.970164806483056,73.87023862637601,46.82596116769899,67.38675809646982,1,2,0,63.857800237701625,1
Electronics,5.725306117471046,54.14014502386087,40.2705327139193,36.142096760946266,1,1,1,47.18091707297206,0
Electronics,7.720031903734987,62.06914473234464,47.512281970634525,32.332091069334695,0,2,0,29.234341157387277,0
Electronics,7.481628180992406,58.22075942132184,83.47539352520478,70.32679832622972,1,1,0,56.6969175394325,1
Computer Science,8.195149799521307,53.159922414204885,86.87165079978719,,0,2,0,90.72635147636093,1
Computer Science,7.643496442096984,64.89432521779167,62.31116804532237,57.335276029402074,1,3,0,30.82847184308035,1
Electronics,6.332317270942133,61.76585632147967,80.24818606001604,35.171415467618516,0,0,0,62.38784500788399,1
Computer Science,8.93588580199739,59.42213176582002,90.85382991267984,73.48504272976983,1,2,1,75.95154126528449,1
Computer Science,7.309764512367636,54.07307567479486,96.81019621644738,87.89419181763098,0,4,0,100.0,1
Information Technology,7.467234552588081,69.79287006174434,66.30497078230228,70.0036839239406,1,1,1,50.14134035106625,1
Electronics,6.3800784491121645,89.80425902738428,35.477924234950194,49.74546996982884,0,2,0,47.35998790791374,0
Electronics,6.968061298570188,67.09830849258691,57.6868161638547,65.80193898028072,2,1,1,36.66615608121467,0
Information Technology,6.438236743167719,79.94177322366693,63.59793707597114,40.40994654319367,0,5,1,82.81032669692438,1
Mechanical,7.292464728091892,,66.11591805132414,84.04329284909826,0,0,3,42.651713415218495,0
Electronics,9.554050176170813,67.36642158940654,67.1821089848692,66.4731980215317,1,1,1,52.588071364493,1
Information Technology,5.853718628482373,48.539475215434,86.78341896896004,33.17317558844183,3,2,1,23.021242452574896,0
Computer Science,5.563726322547911,42.84612608702148,89.11642640031373,59.58786151201371,0,2,1,77.67943685357052,0
Information Technology,9.26540439299233,53.909428888114455,67.42489519112824,73.33942718421615,3,4,3,83.16516561556053,1
Electronics,7.2488115874177605,82.87849001620359,86.47727314077729,59.0051428224406,1,0,0,76.9155012716873,1
Computer Science,6.6971127136081,79.25023743004468,75.36492049946634,60.03387701407687,0,2,2,27.89349437292564,0
Information Technology,8.747885624875291,68.645070830816,70.96758959293858,42.960760273149106,1,1,3,72.14302081558613,1
Mechanical,6.773261352315763,42.009491601651035,83.59816235664945,75.1977377674698,0,2,1,26.54659230551998,0
Computer Science,9.691211656256323,62.05579022918095,71.08378072356874,53.327554399655526,0,0,4,61.16080604128481,0
Computer Science,8.313511045607124,69.52550013352604,100.0,26.18398321390941,1,0,1,64.10155159967594,0
Electronics,6.914506310225157,67.63304344367897,48.423832498081616,58.317367327932914,1,1,1,66.2036643621653,0
Computer Science,10.0,37.343096247788814,62.27243651361973,82.66069488026635,0,3,2,70.69273065274936,0
Information Technology,6.773142092395994,51.64523227970192,68.10221654569075,58.035269961200946,2,3,3,59.839327928814555,0
Computer Science,8.390514446411169,64.03883353776925,76.59179035686986,96.28372973222336,1,0,0,20.75140974542895,0
Electronics,7.85915109648779,73.04436364275784,89.01940730654633,72.72142307387331,0,2,1,70.70242017599064,1
Computer Science,9.062089547278557,32.05808268350081,69.63402149145764,71.09764692104659,0,2,1,61.95216282255496,0
Computer Science,9.373813436072224,62.56814036780212,48.6665552574069,62.68883121348304,0,1,1,41.94760417257533,0
Computer Science,7.53840497887892,67.14573154818429,,63.770848260242765,3,2,3,28.612051577267824,0
Computer Science,6.59589855558458,77.7441798277432,81.32438149212946,60.258374567848925,0,3,1,90.80044371848717,1
Information Technology,8.05196657152694,,40.87212010930891,59.55915094251452,3,2,2,84.62601076581366,1
Computer Science,6.686741556297473,73.73856978213207,69.942937994938,74.55560891720867,1,1,0,74.11914814614909,0
Information Technology,9.916064697031947,53.000892399470985,46.14787253979553,48.15503786376982,3,1,0,46.474001775305936,0
Computer Science,7.663842397299285,36.37996794315038,60.03023353746906,45.63391108296332,1,0,1,9.66008895576965,0
Electronics,7.06161413842547,59.10420864407899,56.457866095558,44.7824890842432,0,4,1,75.2935835087047,0
Mechanical,7.72161636703789,80.0244773781284,82.13897047362978,100.0,1,1,3,67.3337354771015,1
Computer Science,5.883448452564364,85.90181791286648,71.75245261258276,74.54617223007044,0,1,2,52.50675381855647,0
Information Technology,6.334063153787218,75.65823653446678,50.71613498865958,70.4808596302426,0,2,1,82.49612613395752,1
Information Technology,8.94049668953331,71.44011234202601,83.20098944436013,45.964735934718234,1,1,2,76.959950679257,1
Electronics,6.711726865234325,70.69459472578949,48.49291264107379,76.22016141214691,1,1,0,63.521909764616986,1
Mechanical,6.243706820781672,56.658218798588294,74.95170685706415,62.90171576384008,0,3,1,60.701168357422254,0
Electronics,8.143983303032744,63.0490955966957,57.78983996062666,68.85504094037151,0,2,1,61.0193543519936,1
Computer Science,8.922844985595596,90.03604288739497,64.5148437620422,47.420834314455995,0,5,0,73.59879745669491,0
Information Technology,8.36274397279808,50.86162991312185,77.56406122057577,67.88483943351638,2,1,1,42.850473069140236,1
Information Technology,8.69525722296698,89.22168186064778,77.82174098589293,57.3709963122833,0,2,1,68.51966243570074,1
Computer Science,6.5918458937166475,60.16957768261912,90.0545361033394,51.21899917345662,1,0,1,41.58818111060819,0
Computer Science,5.793827199909788,84.88148163642617,68.7661945049282,78.21391404453048,2,5,0,86.73110343504469,1
Information Technology,9.301600382346583,43.89777485753692,74.59676294445012,37.321259446459955,0,0,1,70.64257143150469,0
Electronics,7.112784193389437,73.78856301746974,63.433940163935134,75.16597275765471,1,1,1,46.235434767221406,0
Electronics,7.199000380253943,53.94844796078567,72.72984823934196,77.32075040395394,0,1,3,61.611916480595,0
Information Technology,9.09383297021887,43.77099212113719,76.59229072012768,49.16641384007767,0,0,2,42.92427239943918,0
Mechanical,8.167476011280792,68.27801063616418,68.52535228818437,50.234087699615586,1,3,1,90.08225675401592,1
Electronics,8.047065326497929,80.14207682893954,,60.98553773720476,0,3,2,92.45751968942419,1
Information Technology,10.0,52.325878421097556,74.97206344496342,70.07665178831996,1,1,1,73.92447365125696,1
Electronics,13.226380851242851,42.51476059312398,75.46842216033185,62.24861014734394,1,1,1,91.13313135309154,1
Computer Science,8.613408153697485,63.62232853497567,59.79739785478073,72.80412428345383,2,0,1,63.03591897745001,1
Computer Science,7.568415749876501,,50.73419445891229,96.73363374567319,0,5,0,75.27025134349594,1
Mechanical,7.822310734635908,73.22479441331748,92.13818725755948,55.86109815530515,0,0,1,84.49449043819511,1
Mechanical,9.334162111695038,79.24391857046733,77.37168266341604,34.12676052733843,0,1,2,59.88512808968166,1
Electronics,8.10940290754755,64.10877228091259,66.56378453617435,79.86662449455176,0,2,1,61.4220771463469,1
Computer Science,8.14595529485956,92.83254972191395,52.94450675278769,95.29966236669553,2,2,0,78.67313202857795,1
Information Technology,8.787008804771762,68.36352116802938,57.67277757367981,72.06983053492024,1,3,0,72.92995931191986,0
Information Technology,7.062056724548538,59.803602409896506,89.53885595179348,45.42052384363397,1,0,1,44.89078559597894,0
Computer Science,6.492948399193192,40.82648961345758,72.0649291130207,62.76993746176638,0,1,3,16.26341257457062,0
Information Technology,6.24622896717476,61.06010719525749,61.7411939949894,44.86657728419062,1,3,2,56.48943874805904,1
Information Technology,5.140372092748798,59.95419581883296,77.64533846836984,76.57139889133306,2,0,2,18.06171641549642,0
Computer Science,9.967448555928387,79.40457194422206,57.784027188305146,40.67677275142818,0,2,0,40.17965327788903,0
Mechanical,6.17614996113398,71.93725436100281,92.51264545420567,59.5976818370924,2,1,0,42.51426085599231,0
Information Technology,7.234495651697074,47.30946317551074,90.29200802345088,,0,0,1,48.62715378119747,0
Information Technology,7.167824040133295,67.58381579616557,63.00138893195835,67.28284433242932,1,2,1,76.40876288327082,1
Information Technology,7.868888037370921,75.0729675759358,60.5699462945371,58.40584981152036,1,5,2,80.7535908146052,1
Electronics,8.478884655047155,87.92047039081748,30.728002019615815,68.18171785850475,0,1,0,70.17481439614414,0
Information Technology,8.532568186031694,78.31255951121089,47.77628842672948,65.40230998939458,0,3,1,72.6501395212361,1
Information Technology,6.800307073717274,76.41269981467217,49.90795337563366,47.240137500966014,3,2,1,73.12240912737292,1
Computer Science,13.815059660803204,65.90128991922745,72.02785511481079,76.28378714352239,0,2,0,10.06340017558152,0
Information Technology,7.83909594058596,70.82468008135174,65.1064944333796,64.12221826682392,0,2,1,60.20395364014233,0
Computer Science,7.201570648579744,83.74257351059238,49.81996768877138,47.20647785841379,0,3,1,24.070825576599898,0
Information Technology,9.428814691223991,45.00833903780526,65.78253936303165,100.0,2,0,3,70.1827895134308,0
Computer Science,8.089169941965901,59.75841009174566,77.58005721471022,73.57574300090825,2,0,0,18.137837053606063,0
Electronics,8.381853343259781,53.411468768656384,77.9175902487338,62.2413100388125,0,1,3,56.39122929298601,0
Information Technology,8.295457522400895,70.68729678089186,41.50494578711678,90.47368148063282,1,3,2,70.95539552039173,1
Information Technology,8.90816862898239,83.45333263476181,68.07604779274254,98.15268096895893,1,0,0,37.644841033673764,1
Computer Science,7.717225870444448,56.04538569918389,49.249888345425845,62.38371039835007,0,1,2,79.2343192102644,0
Information Technology,5.943801662452985,29.14543448795843,83.52593045710411,71.2531547558257,2,0,2,70.13244339903494,0
Electronics,7.97962554210317,58.81668882463295,81.76219624530248,47.21594927594706,1,4,2,67.61649391675819,1
Computer Science,6.718371727449806,78.7021059802611,56.52959160513312,62.35053048617579,0,1,0,73.96003175021063,0
Computer Science,6.865659981900292,73.0644485442482,58.509321963994005,61.41687403232234,1,1,1,52.815998244666886,0
Computer Science,8.203636822506112,71.42279371715864,63.08099424252539,68.32688660518977,1,0,2,63.03837727513618,1
Computer Science,12.835667290678199,60.80010047188281,36.208099079029914,70.98968861546619,0,3,2,60.201031444683984,0
Electronics,7.525525892083274,45.8145389567032,75.03952260160865,75.07691207890508,1,3,2,59.7490211076771,0
Electronics,7.870599615118756,72.72941482436701,65.90733180489804,69.27756781339926,2,2,1,46.55937846705846,1
Computer Science,9.542657933562285,52.485772849480625,84.55262623851789,43.20663272067504,1,1,0,35.14935770554588,0
Mechanical,7.7889038153862815,,53.52386173056171,48.10759209666047,2,3,0,53.2628330142105,1
Computer Science,10.0,73.55760812531774,60.71315577625103,55.16466284965389,2,2,1,52.16104185611466,1
Computer Science,8.178611574757854,56.29027546169074,47.402121129413274,59.91966934538188,1,3,0,45.2653802496622,0
Information Technology,5.387084689013019,55.82922128917058,54.9356415475862,83.91393722849804,0,2,1,77.04107563620049,1
Computer Science,8.40400994532544,63.60583690079618,52.27027005897672,44.06709823664757,1,0,0,36.55586764288774,0
Computer Science,7.957390061859333,61.407471169673755,84.93960518269668,58.5665291329274,0,2,1,56.56981682217517,0
Computer Science,9.047703304899295,81.75250663294932,59.526072268729116,82.15417096785289,0,2,1,83.32679423122504,1
Electronics,8.30781762152395,67.7962425461607,71.8626352711692,59.60220545906098,1,2,2,78.18258705199105,1
Computer Science,7.333852819219471,54.02552391637208,64.28854894207294,73.28748169717083,1,3,3,84.32587770194566,1
Computer Science,6.030842116452761,93.35661027733674,50.95802100980781,62.48824322729774,1,1,2,48.184388452515456,0
Electronics,7.24917209125677,65.73962497280334,67.47549365242536,69.622098631845,1,1,0,75.68576251455414,1
Electronics,6.4793754549488405,,78.98654997795391,60.88749421142827,3,1,3,38.740592060437365,0
Information Technology,6.803371860234333,55.876602388328614,51.883609111849715,77.00717850911037,1,2,0,54.48252088366919,0
Computer Science,8.206294085304732,70.44673441616786,82.13669186097069,37.18898466668416,2,2,0,56.364883784396135,1
Computer Science,9.503885405221688,69.66664986714792,57.254186177834555,58.46038384900619,1,1,1,48.48319575603979,0
Computer Science,7.973605835787577,36.655260618557705,62.75524110890739,70.33830818049755,2,0,1,52.763720238309496,0
Information Technology,6.064940325557779,95.2291266569096,77.96024684515072,74.60651446411147,0,2,0,50.13248145005295,0
Information Technology,8.033523201864169,84.35966691383821,60.04845764170768,91.8731472095689,2,0,2,40.35212377796609,1
Information Technology,8.935957783974782,59.04207025781019,70.56362289003799,57.96155599641963,1,0,1,77.12827012011583,0
Electronics,6.768260514816741,48.465953893162165,65.27963756817861,91.63067171349572,2,2,0,56.35099994251461,0
Computer Science,7.339179399992498,70.21342420705328,71.94052010055728,53.137571120125926,0,0,3,64.02873087834571,0
Information Technology,7.517625833675036,66.30046549121595,34.28891341714754,88.91563540780359,1,0,1,63.275537423857095,0
Information Technology,6.558122024301312,70.33503422844844,42.55477277187875,79.71440828057071,3,1,0,61.09452850220044,0
Computer Science,8.27793652061263,67.87366094291134,79.23950509070258,48.55774556661999,2,1,0,61.85609092112859,0
Information Technology,7.354862221670662,72.5936148395889,85.55772108473576,70.5267062705328,0,3,1,53.891655599379575,1
Computer Science,8.003438932688434,86.7095854908771,,64.07775496042055,0,0,0,88.36793737029726,1
Computer Science,6.43500938663748,73.52154807692969,66.33957471743298,76.26052268615,1,3,1,75.21489523270718,1
Mechanical,6.975050039611907,49.25516751635088,74.42078879353453,60.98111140820043,0,1,0,60.367640655420395,0
Electronics,8.366857629393326,85.43844279068678,80.39826402488056,59.46956793808884,1,2,0,51.058911280678736,0
Information Technology,7.052600217489879,89.60921845232431,39.58484092493727,89.64370248973133,2,0,0,57.623583145418394,1
Computer Science,9.572356621480086,100.0,,63.22302389979789,1,1,2,68.35243032743492,1
Information Technology,7.020436577262477,48.14758950140603,65.01130930225187,,1,1,0,89.99880185072624,1
Computer Science,7.769621670902263,68.64323019725413,80.54710295854073,60.9436732692044,0,1,2,32.53904910669911,0
Computer Science,8.619108998247707,33.76851945216519,100.0,94.99993866609542,2,5,1,73.19549517283555,0
Computer Science,5.797961120480362,73.29723734568813,66.57991409785423,52.78997667196112,2,2,2,82.53447273557269,1
Information Technology,5.387029425623069,56.776995527498414,48.89533806844017,53.945416437550676,1,1,1,30.265630601895364,0
Electronics,5.669212422515886,93.8516869223743,76.03402115801947,92.44130926008626,0,2,0,56.3769824653745,1
Electronics,14.005728076459544,53.38077544972127,,56.990964963885446,0,4,2,128.43473086128554,0
Electronics,6.837770224929064,,,93.81933751095907,1,1,1,68.61059223354069,1
Computer Science,10.0,57.9310438894622,56.40027182268561,81.05313043270662,1,1,0,52.83298135288896,1
Information Technology,6.8229028816111335,35.36768343174294,84.36990912220028,62.216305281905,0,2,2,57.39721866239749,0
Mechanical,7.721461563836445,76.26649181760965,,32.36071750369115,0,1,3,51.77888385443052,0
Electronics,9.350531943081451,34.02375430615519,54.608787337065635,64.65227052310696,2,1,1,74.40326865536537,0
Computer Science,9.907311465790947,65.42686371774738,75.72138426301512,66.82934096360164,1,1,0,64.58065921196277,0
Electronics,9.973804291963678,33.832822702157046,84.95898351488309,,1,0,0,64.61853528079311,0
Electronics,8.95003947671177,60.195532931950375,87.7283506383834,93.592049172322,1,1,1,63.21243650162907,1
Computer Science,8.728875030973755,89.65067233706802,69.00326537035816,52.67023077541254,1,1,2,71.44981760904274,1
Computer Science,8.21103233904142,70.40971837153693,64.62880830731022,79.42127175178729,2,0,3,54.76056290287353,0
Computer Science,8.434033291399965,52.04759592552599,88.40910733121895,78.77723880824028,0,3,2,94.01549575081853,1
Electronics,6.83857714040576,,,84.32142864338802,0,2,1,35.304104975629606,0
Computer Science,6.518161339893231,65.2702530806667,76.57868936381509,73.9764184184398,1,4,1,25.481631036607023,0
Information Technology,7.495950651106858,72.08945518765108,,30.035041562688143,0,0,0,23.826388627828536,0
Mechanical,7.295778452970086,44.4971245507876,85.98064408389403,62.202396214500325,0,0,1,18.408237614151286,0
Electronics,6.95612634080727,73.88850910770996,66.12931726583258,44.197263651495525,1,2,1,73.46339629640504,1
Information Technology,8.335664936948058,24.434125525958372,89.02874853471204,61.35309608747467,1,1,1,71.02735398565282,0
Information Technology,8.646366250284613,55.551731714542846,,82.64007625041009,0,2,4,84.1555298355119,1
Information Technology,7.606088263550217,57.67589236322683,51.65169654907105,70.4927150457495,0,0,1,38.86723570588956,0
Electronics,9.273036097266314,74.49990239106857,91.36941598115865,85.66563559515379,0,2,2,74.90922909491002,1
Electronics,6.129973063039794,65.33946279015304,93.26867899641594,71.15157057284371,1,0,2,61.13648124298612,0
Electronics,7.267608648864338,43.9165541921557,83.23429738898824,41.630133085959756,1,2,2,63.331729983117185,0
Computer Science,6.639813215276634,50.225103112744776,58.5761820244567,19.624753881690776,2,2,0,72.51245790699215,0
Computer Science,5.260156059512328,67.9802001432111,65.40979068463886,67.67855771023262,1,1,1,44.874364978751125,0
Electronics,7.400783176988761,63.813989872031655,72.18140826108639,61.14932360567902,1,0,2,100.0,1
Electronics,7.353902989940059,56.3131383554638,59.4443440100285,47.41497669112612,0,0,3,86.63760608550707,0
Information Technology,9.316139691890557,57.78749315732031,95.38519858694806,34.3887095062752,3,2,1,49.36588092009279,1
Electronics,8.256974021465734,75.44251995738934,72.16489707589055,51.77462215749124,0,2,0,38.18523884553305,0
Computer Science,6.270975810804954,57.23461140696178,29.449779293389643,61.49915327243403,1,4,1,58.24191676390617,0
Computer Science,9.724911079601027,63.6786313395639,75.09033719134331,76.98580082671502,0,1,0,63.64516887164085,1
Information Technology,8.965240434630424,97.54904882120815,64.77763904774031,68.39535946822365,1,2,0,81.31230519416621,1
Mechanical,8.198517244162339,43.64476044674115,68.87610165822328,93.94521044910913,2,2,1,36.62558176863348,0
Electronics,7.228219081380201,37.22235902638012,64.4707095132145,46.359126991182904,0,0,0,65.70973886398332,0
Computer Science,6.348672915931824,76.7538449719791,82.10569624910032,80.8590600570338,1,2,2,29.419699511704216,0
Computer Science,7.053351868714737,54.82035408058845,86.79531667830072,65.8513773763171,1,0,1,68.72715186822238,0
Computer Science,8.806498343645023,60.226437083860695,74.2457974338798,77.50404423413453,0,1,2,57.84991559083899,0
Computer Science,9.76150356712153,53.28265432803329,64.91033219292761,57.14273246122021,1,0,1,98.73359524571526,1
Computer Science,9.351892233926627,61.10299788848731,69.37994192786245,84.29024673003062,1,3,1,29.079949115606468,0
Mechanical,6.913380693856471,88.97807168144512,70.29399424866442,70.31404565021437,1,2,1,87.4121676298021,1
Mechanical,6.156459080053186,77.0319268792718,57.963549402027446,52.76999027148051,0,4,0,25.92337329667563,0
Information Technology,7.669063496293445,77.93335267830466,78.68392972856853,64.78356747956262,0,2,1,33.45579451186992,0
Information Technology,5.3778727613245785,43.756594163110314,76.900634857907,60.68799453913222,1,1,1,26.458108830556696,0
Electronics,7.887801257021738,47.73269395170696,93.1066185966501,73.80521031148028,1,0,1,65.00705216902108,1
Information Technology,7.322876896441597,22.413820107718596,88.83024670432712,43.76401851125885,2,0,1,36.52602378492533,0
Electronics,6.940756197758109,52.85928768375869,59.714876236148044,64.47166936191749,0,1,1,33.03336989438924,0
Electronics,5.5863563192798456,79.35054779578488,82.30447561763447,72.11553054768797,1,1,2,64.05535203246761,0
Information Technology,8.11632012788366,72.75419773622556,55.73569925358292,65.59441952947459,0,1,2,69.03550771749381,1
Mechanical,6.860758992405707,61.67730105571814,80.43898151411274,89.24494239900193,1,4,1,60.796986083006516,1
Information Technology,6.096099797147654,64.6654957442292,62.25078701859838,78.93240993327895,2,0,1,56.755617019568945,0
Information Technology,4.053285344062021,54.66671686136891,54.651201649366236,64.86534565866656,1,2,0,96.57819264874355,0
Computer Science,7.4669821139392365,68.07138323602676,,68.90040375495812,1,2,1,62.916725324839405,1
Mechanical,9.626701916003693,76.48817419220923,29.88149307768789,70.321979926676,2,0,2,76.11382947844498,1
Computer Science,9.493511057457443,40.76169818884291,43.73536638392158,72.25939287500283,1,1,1,62.858442513799176,0
Mechanical,6.951484492096474,69.49471531756022,67.33762174338575,32.138156078037056,0,1,0,38.042474234906315,0
Mechanical,6.777345527565863,78.98652306432001,71.23662649952264,59.57252667615175,1,0,1,70.99775363804034,0
Electronics,8.062529107290029,58.773495665549454,64.46021844762717,38.280096772518334,1,1,0,46.884053770604154,0
Information Technology,6.30193747297405,75.51050918180876,46.30845551923602,88.00905705427076,1,2,5,58.18027723921527,0
Information Technology,7.862150279783359,100.0,57.73162236792242,63.9047086399473,1,1,1,66.10805363786852,1
Mechanical,8.41929633406163,63.43485810519662,75.8681399085609,61.51986290576679,1,2,1,21.171638662267142,0
Mechanical,8.972319868661168,70.89960575007986,78.72672655942544,81.14235197659823,1,3,1,27.809957522165423,1
Electronics,7.379815108224057,53.929143745079124,69.75665323606088,72.60184635409775,0,0,0,135.22125884540074,0
Computer Science,7.255591499787641,67.71876743903076,87.35250671555484,44.68457874117427,0,3,0,46.725071068021116,0
Computer Science,6.4464208958921265,71.90407437473456,75.96095535188851,63.72370347450736,1,0,3,47.67356021782278,0
Electronics,6.507743575152168,67.92263510405208,58.78816519062681,58.96699448192507,2,2,2,63.3287679474164,1
Electronics,7.228225329718168,49.70457020436715,65.79246919882574,33.59840800509103,1,0,5,52.28654805756261,0
Computer Science,7.940838608179414,68.09542656988177,48.95700764188218,52.575027801730315,0,2,4,68.3517676328558,0
Computer Science,8.596301551479899,86.93293908076456,68.37791514412875,61.69627420370362,1,2,0,128.96942388039383,0
Computer Science,6.536185259183586,71.7295364677179,86.68150928832007,62.93088323314684,0,4,1,63.97205900360898,1
Electronics,9.291226282751426,79.42980783607761,80.27935127066452,38.31983437380845,1,3,0,45.962832195154945,0
Electronics,7.174651678748917,61.444820449810585,91.03013988878683,85.72998049485456,0,2,1,63.871896465618555,0
Information Technology,7.4743592467818765,76.24850359135566,65.4567213430151,63.162144939954096,3,0,3,82.10178173670887,1
Electronics,6.603345985022612,69.1890175732479,90.19149691771386,65.67595537989013,2,2,2,48.64503567771603,0
Mechanical,4.59091168767247,50.73633905469152,67.10043660328046,72.21154949011706,2,3,0,78.30636600544302,0
Computer Science,8.56085447563326,69.77781507198311,92.0737762385484,50.81462742973392,1,1,3,58.968793633547016,0
Computer Science,8.38421267651092,50.12455004839534,69.67214878836815,73.21440751638853,1,1,1,74.68963311955875,0
Information Technology,7.162406931458144,55.50679587672812,80.60847060706415,58.39265637167271,1,2,0,62.57542636706222,0
Electronics,7.580388860669847,67.8399246093856,92.12668546464784,48.86146026835055,1,1,1,59.331781598041474,0
Mechanical,8.11912706124492,69.45866410070187,67.09858557128192,75.32205488039719,1,2,3,66.99459364152732,1
Computer Science,5.624944971736149,47.161513023843064,73.27583481316262,91.85012945843253,3,0,3,84.27195124604498,1
Computer Science,6.865136787184446,80.80978656774315,89.33295137809453,78.04692872274497,0,0,0,64.7219458843015,1
Computer Science,8.453117615546192,73.5800941745071,,81.61359617252775,1,1,1,69.57061661816795,1
Electronics,5.9948526921969005,54.429073465836744,50.186615762407584,55.62864908187862,0,0,4,52.63030172846597,0
Electronics,7.852269518599955,41.93622805326237,,36.24284487496779,1,1,1,91.41772947990052,0
Computer Science,5.872101834451914,62.82643131377853,62.95353303494295,91.82247539779713,0,0,1,72.80674221859343,0
Electronics,8.05971597892023,58.3108442920826,72.38134076406314,100.0,1,1,4,61.55416920050011,0
Mechanical,7.4572302212430195,66.69710685579534,87.3401000417669,92.77052192785428,0,2,1,57.54692655490652,0
Computer Science,5.561841820913389,59.5532500826665,60.872591444031976,58.95585309836451,0,3,1,79.5581653854622,1
Information Technology,8.897687225348605,,54.88198130166805,44.216581902880804,3,1,4,47.87591845909481,0
Computer Science,6.618490107842341,59.17479592548263,73.8060594516225,45.8177114392478,3,3,0,24.34249967457334,0
Information Technology,6.5276970755827435,60.41571333397531,43.10385403131416,34.69281378294713,0,0,3,61.44799198848911,0
Computer Science,7.740683036677131,74.50491537161088,65.6814088469812,63.06718486861919,1,3,1,83.80009146228687,0
Information Technology,8.878364819314458,54.527004880834255,73.67557996473109,93.90220324548419,0,2,1,91.82617622369348,1
Information Technology,6.281013817225924,90.1801201005885,,62.45007262629962,3,0,3,57.8541211313224,1
Information Technology,7.574015819817566,36.325391740223644,46.84823585221379,70.44181220626893,0,1,2,60.87175327883567,0
Information Technology,8.014579800396687,84.66751246703937,93.91266934306019,89.76074535747576,0,2,1,70.39060865031911,1
Information Technology,8.331726728715774,61.635215436828425,71.55307230923763,57.726284387016804,0,3,1,54.7130116227247,0
Electronics,7.7117298663326705,77.89377308515334,91.46728176642611,100.0,1,2,2,70.32811896782297,1
Computer Science,7.059566593100013,66.197022260881,66.09945624729333,100.0,0,1,0,58.291964978634645,0
Information Technology,6.5068917352215365,82.09333304038203,56.79982027463854,62.63999590375131,1,1,2,80.2273651438036,1
Information Technology,7.6033726596556495,59.18957053170783,74.0377138038274,54.60438324765417,2,1,2,74.45961026195647,1
Computer Science,6.213433185617272,48.520693622332814,66.76319310507671,77.55028483502564,2,1,2,76.20455664604866,0
Information Technology,3.9943794198064713,86.30756430906595,52.33357813012963,58.74455103466055,1,4,0,55.89364710395824,0
Computer Science,8.0238717649892,63.297790311767876,92.04676388181244,44.182006092787944,2,1,2,98.51854641004522,1
Information Technology,8.584721809303435,68.32337710436316,60.66594665659006,88.06229576341364,0,0,2,69.67823884758944,1
Computer Science,4.6644810773497944,83.52127871067192,42.39600422806648,86.89605297098744,1,5,2,64.94588106973663,0
Electronics,6.288323154348075,49.52067136858348,89.92249080935999,67.7992088677441,1,1,2,44.78114038866057,0
Computer Science,8.242985113206238,73.93236346458886,62.43552976281065,42.268434432892796,1,0,0,58.05856359702892,0
Computer Science,9.968994563654038,56.15157865305664,,42.86852747808705,0,2,0,62.28759521405272,0
Information Technology,7.524952449210489,63.01745966533442,43.51918619455039,66.93012719154476,0,1,1,44.246454071514,0
Electronics,6.626396470525039,66.08418448076434,96.11412229895487,56.00232137890942,2,5,2,54.15365708461824,0
Computer Science,7.280524270674192,42.49667207829596,50.657791191854685,58.86032722145106,1,2,1,56.683999637939806,0
Electronics,9.149851702977822,53.31744435769348,70.87674221058475,83.39533679108006,0,1,0,61.11841321846436,1
Computer Science,6.724842985050557,85.26609338619708,83.68930483810661,78.19722771360604,1,3,1,24.745860199167918,0
Electronics,6.540969592019696,78.29286782877193,76.32575399504645,89.80656824895703,0,0,2,57.29458918591471,1
Computer Science,6.920707773381561,64.06040634009148,69.10518532011713,47.16878197920936,0,1,0,52.45307633840137,0
Computer Science,6.356005670089545,68.6468518776934,44.47501212568876,58.82255176363918,0,2,0,59.582317007502006,0
Electronics,7.647204379193755,60.58636241545314,57.85412746349074,78.66167051828202,0,1,1,80.70553132360511,1
Computer Science,9.449614150163473,85.34875078741973,72.81700507063783,73.06541013823205,3,4,1,100.0,1
Computer Science,7.887695127739235,61.994711333087544,58.19238895019505,92.58284688657719,0,2,2,73.56754399289254,0
Information Technology,7.1971757974484545,68.47763138202272,73.05039189998152,,1,1,2,35.311556558673274,0
Mechanical,7.149826477301347,,80.22615113222713,98.26596387389995,0,2,1,53.09186096334931,1
Computer Science,5.624171029564011,53.3394277273114,,74.72032043101653,0,2,0,71.91926617662183,0
Computer Science,8.55973173257659,88.3818377674534,51.60730963280975,84.11901405659589,1,1,0,69.66580992858046,1
Information Technology,7.406595363584637,42.043078853849345,100.0,59.17673095787977,0,1,1,79.74651470906149,1
Electronics,7.2834241036912495,89.44463196669199,81.51219016831196,65.2571698139118,1,3,0,58.05298011418808,1
Electronics,10.0,59.40986624072038,69.97428769496405,81.39699926911055,2,2,1,52.729995112689885,0
Information Technology,7.8585034900388235,61.359518782620775,86.3430487461496,94.03360707067498,0,0,1,95.04848007832078,1
Information Technology,6.597850739885779,36.649847432255854,100.0,78.12626508759355,1,2,2,61.17341206739275,0
Computer Science,6.988370884553348,58.17807923933461,48.41919848414696,63.50290810517685,2,3,0,39.666512479577705,0
Electronics,8.878134851036105,49.402902034596735,,89.79203053151015,1,1,2,89.50267314065842,1
Computer Science,7.635924492645318,55.88530481939791,34.323525101900074,25.544384186962127,0,2,0,30.078090172111104,0
Information Technology,5.77406642601916,62.94033551316681,72.88977298972037,39.39977897287627,1,1,0,0.0,0
Computer Science,8.603074721490245,79.36687421709358,75.4809136288771,77.269416026031,0,1,2,75.38773516075148,1
Computer Science,6.698227097353207,68.11405027100939,69.41256826835861,65.25395041255625,0,1,1,78.21401942049262,1
Computer Science,9.747957331461055,69.61514980101671,60.181996435025354,75.89924572023497,0,3,1,68.28025883889381,1
Information Technology,8.796057678857577,48.56720916731656,39.25728225717512,66.15933540377496,0,1,1,33.950878320159006,0
Information Technology,6.963213725209498,51.78868865595905,75.60300525117653,75.27702250286971,0,4,2,58.82260289515359,1
Electronics,9.037219634082135,91.98087527526967,91.83151725872987,50.34074922212257,1,1,1,54.436628528922576,1
Information Technology,7.5814266126328835,53.9719844785513,61.13472316399852,75.26874954943443,2,4,1,49.25421978215221,0
Computer Science,8.523328410146664,89.84312378085943,76.60089893534717,82.89946150773652,0,2,2,88.24138861618559,1
Information Technology,8.08167938075337,61.354082016787004,46.47783529869924,86.96991087076219,0,1,4,39.06667882736622,0
Computer Science,6.484372014010952,65.03431904215256,76.85819595538771,100.0,2,1,3,66.322089062128,1
Computer Science,6.727740201219046,81.05547740344895,64.09926553383015,69.39377198304295,0,1,0,83.8809396732515,1
Mechanical,8.735952981097393,84.07838632907985,58.56373074095628,69.93039956324921,3,2,0,67.62883050638075,1
Information Technology,7.098269601472151,63.33781159581369,58.59454538175804,37.58289564487074,0,2,2,84.82236744990747,0
Information Technology,7.015621844109604,59.17635419717692,64.09582626950485,55.43459477950835,2,2,5,71.27429444857859,0
Electronics,6.353852904780776,64.1611932721668,75.73649973538804,61.52452266788097,1,2,0,68.58699340984057,1
Computer Science,8.008318878712153,70.06936292348178,50.317551982067236,83.9057519409744,1,2,0,67.33669737664295,0
Electronics,9.975029903091773,78.36955530304633,64.0432700264822,54.001979766386675,0,1,0,72.268865333003,1
Electronics,6.2189605028948725,65.06344788491228,69.37792333001279,79.33412035547899,1,2,0,52.289218051754794,0
Electronics,7.52906334800731,,53.51441163202211,64.97080909465916,1,0,2,33.96252296254427,0
Computer Science,9.194664666498515,89.57539598406412,96.94997802512526,61.810973927934285,1,1,2,79.08086822926619,1
Mechanical,7.404430330505142,70.71964418397177,57.19756779907988,69.48009144439861,0,2,1,83.23484601011532,1
Computer Science,8.042846155499682,69.67479284007167,59.958446295497644,57.95918529944884,3,2,1,65.03957621812087,0
Electronics,6.2251277662237445,42.21633762364898,55.32538075266253,57.27732953433202,0,3,2,49.032487607312596,0
Computer Science,8.013968516649179,25.53904794756405,96.97720130707177,34.31385369577794,3,0,1,28.84565766940724,0
Mechanical,7.275426881994542,70.82563593845252,78.29357842899222,60.53682426809799,0,2,3,61.71614199846776,1
Information Technology,8.682875994815836,63.57763653078692,55.95111990634537,56.36057336932292,2,0,0,33.02099310564057,0
Information Technology,8.924863261877702,57.278259876278874,86.59347338289953,55.712342191716566,0,4,1,30.220249947241488,0
Electronics,10.0,68.65295306279516,73.01048041433317,72.50371512662073,0,2,2,59.58536943968615,1
Computer Science,8.195559807856291,64.09394406204638,,76.85537515022918,1,1,0,44.72460997623971,0
Computer Science,7.890955579898599,81.91670375950848,64.8328418687132,,2,2,2,66.90619112329541,1
Computer Science,7.733261161892803,66.29166302388467,58.7587601956454,82.91747342809055,0,0,1,56.81408794876251,1
Computer Science,7.076200448627174,53.796150723947484,75.06649148581901,75.36011466494658,1,0,0,47.8673086755478,0
Information Technology,7.90618061215403,79.85249358438934,61.823691550066144,59.68898858349844,0,3,0,25.901698385420687,0
Information Technology,7.145518307833164,61.743033875806965,97.25133444362658,56.668586857141165,3,1,1,42.94223748339285,0
Computer Science,7.702153171523537,72.89805025508461,50.960633421353435,70.63080026180323,0,0,2,43.67727019897819,0
Information Technology,9.081117042729552,57.83883940710799,93.04235159282418,75.32780797823422,0,1,0,35.49384652970076,0
Information Technology,6.292148921664431,55.25259671753845,68.330217268033,90.16119752656697,0,0,2,53.4191140951523,0
Electronics,8.867854273354855,66.26252345278544,74.48628601031659,86.44111480892172,1,0,0,37.05496017650697,0
Electronics,9.080538080807838,65.19242965315527,82.49736649944153,55.253485882870955,1,4,1,56.7251450541757,1
Electronics,7.358317767610705,72.1974055305025,60.546260574933456,63.16388695770929,0,1,0,64.80822427337313,1
Electronics,4.953774121189687,60.97031370035386,82.96372577047954,77.07832048851986,1,5,0,43.47660091221644,0
Mechanical,6.770613615486681,37.45460324344404,29.386842169282346,84.2239600050615,0,2,0,68.50817258837169,0
Information Technology,9.056393455873332,58.50839174617417,59.20015700167091,81.90145043668626,0,2,4,32.77284257504593,0
Mechanical,7.472558325241342,76.90727700715723,56.13905788988402,63.85019900903576,0,1,1,37.756452032074186,0
Mechanical,6.3008373212461075,60.5393588113534,51.19740981442357,42.4275922562867,1,1,1,57.73565404750462,0
Computer Science,6.8942700945261395,61.30424896228178,66.77567742881573,47.01914522757936,2,3,1,73.74082183777277,0
Information Technology,8.508744031805463,79.79564758858906,75.78624952272543,69.90740325774945,0,0,0,77.34799082978533,1
Computer Science,8.156080281841655,54.32040159111616,80.53989997748958,71.16006042963822,1,1,0,92.24781244315119,1
Information Technology,7.213281480996367,41.857951726356504,73.61315135800612,45.22377127818107,1,2,2,52.4682225036498,0
Electronics,7.0598107058223745,62.59053320711759,60.01459802659679,65.80225299600689,0,0,2,57.44997362643391,0
Electronics,7.029890221147414,57.737390731268945,75.53524656737751,76.36203842549209,3,0,0,39.346489419640264,0
Information Technology,6.393107778601797,,71.86428542276276,44.27792016487141,2,0,1,34.92467336017954,0
Information Technology,9.43845082736333,62.36932316151964,84.04084251904024,84.88994963247946,1,1,2,64.5714417265505,1
Computer Science,7.113215436946392,72.37258470870177,81.65405054397274,58.20443932592315,0,1,0,44.48257001107515,0
Computer Science,8.960590224990595,64.86067157648276,70.45714620880943,,3,0,3,84.6475840003458,1
Information Technology,9.325579262306942,,56.54120490758115,55.39785597603379,0,1,1,30.752285362652184,0
Electronics,8.697973077777553,92.20111547773135,60.20574766251879,46.52074130808478,0,2,0,69.72706411649392,1
Electronics,6.982055624738342,59.85681707663654,61.7531596054295,56.753534182849044,1,2,2,137.05470341746107,0
Electronics,7.984476108403931,69.17522951967004,65.27100499125616,63.287333784608236,1,0,2,43.591030664558325,0
Electronics,7.470965272330901,57.36179956101298,74.0207564138463,58.00736167811334,0,1,0,70.78224130504061,0
Computer Science,6.415557767123846,52.304604201695405,80.72761585192087,61.11197441168396,0,2,2,46.48239127784183,0
Computer Science,7.889231138065924,56.22638519873345,69.23321960476933,71.01137269417143,1,3,0,49.684318649602,0
Information Technology,6.085152250608237,57.81862142717467,70.2418718185071,61.91877134366481,1,1,0,43.756832728968625,0
Computer Science,8.925215266153877,70.39213696320688,72.14959457500007,63.809976908863874,1,5,1,95.70059583226883,1
Computer Science,6.942459243241928,100.0,62.2614203030149,34.23392481435327,0,1,0,47.65027377839981,1
Computer Science,7.741391587047407,54.259348455862394,56.11911613535566,72.05056428818851,0,1,2,61.031044348655264,0
Computer Science,7.839945445855371,58.75062041576806,43.668431540339355,63.394340641549974,0,1,0,55.96172799437851,0
Information Technology,7.189314031555107,64.05315480333128,59.57275962884692,93.98527364869167,0,0,2,64.42834123448522,0
Computer Science,8.20403256177033,70.9369827306462,77.09718179901681,48.087826989428756,0,2,1,47.705261060681295,0
Computer Science,6.930115612052971,68.95326217932177,59.45632842940649,32.450684087008746,0,1,1,55.983655309167,0
Computer Science,8.545556756948693,84.26143690922176,66.4328944386109,76.12523289074075,0,1,1,67.8790401798787,1
Information Technology,5.884824383703902,28.60411894197187,76.99646931118475,71.23748632963401,1,0,0,42.739857239940164,0
Information Technology,7.651655495455694,29.19605194706491,77.81034244634003,46.848205630439374,0,2,3,81.78642713256308,0
Mechanical,9.826714798869942,57.56182741984776,53.807007217509415,,1,2,0,83.70961038083264,1
Computer Science,6.299602410473311,81.45950281315564,84.95589034680462,92.67314115231721,1,0,1,72.12985252317479,1
Computer Science,6.686706035370178,41.51527952591606,86.91025134033228,90.45398703092208,1,1,1,61.397527671929666,0
Electronics,8.116689419590697,19.88551490459364,53.0522521417216,20.225778343289672,1,3,1,0.1879710359092801,0
Computer Science,7.715498138327518,73.56769109328813,57.64244695538269,56.75198547338298,1,1,4,68.48582265308926,1
Information Technology,7.920756119128271,68.65485835554071,87.86636024719287,94.95545698611019,0,2,3,52.17339189542271,1
Electronics,8.087024556177196,48.64687389800855,67.79719718117049,56.430873959998394,1,1,1,55.074511771649206,0
Computer Science,8.261665762274124,50.21690598918605,36.70333078822224,56.16897978752025,1,0,0,22.05245338954367,0
Computer Science,8.831639810347468,50.45384420547988,49.00477742900971,59.91033210267137,1,3,0,69.87176971748384,0
Computer Science,7.991782388314215,66.6580297621091,66.25945562241279,44.82385447217313,0,1,0,31.02837906346091,0
Computer Science,7.210490814457749,55.605270857254894,52.55436024573097,34.314036603895204,0,2,1,62.368490919827885,0
Computer Science,8.307088441443277,72.4109587846328,63.79864344045338,83.94585159322548,3,5,1,78.09314963819682,1
Computer Science,9.779858321874258,22.180600056434134,70.48594320525368,31.827135687541837,1,0,2,50.61343637364896,0
Electronics,7.340839504340912,52.14722202308301,91.93381906052093,69.45088613795761,0,3,2,84.32103450456881,1
Computer Science,6.33056483439523,48.10919058633424,65.64319125658317,80.9584308696377,1,3,0,45.06019243585639,0
Computer Science,8.828496803144366,61.15488982441262,86.08812699359139,38.877926619779146,0,2,1,72.00866153462003,1
Information Technology,7.3555426032556825,56.92928362264792,91.43140243055156,48.36316875328871,0,1,1,33.90428497082945,0
Information Technology,4.892796544783157,76.9676566984365,91.51464504028114,86.83722539104862,2,0,0,80.62260869361047,1
Information Technology,8.516906012580506,37.109948425099134,,74.59205096408672,1,1,2,77.5198076515858,0
Information Technology,6.857606176855293,65.68237214496128,40.55066278241539,53.88885727618003,1,0,2,69.36715845927459,0
Electronics,7.391360061235007,73.37504634817559,76.91237298105798,86.64048206050109,0,3,1,52.13431726772377,0
Information Technology,7.898376396682818,92.84971154842933,85.72599831720312,86.71764302217744,0,5,1,31.95998753143776,1
Information Technology,7.72859961573488,57.77351043359787,68.78399341846874,69.84294847428272,1,1,0,52.18719369561085,0
Computer Science,8.351342180566848,69.86687906528776,96.16875805112873,48.797115898274065,0,1,2,82.20614351496245,1
Mechanical,6.977416355316188,37.94205811156453,82.89750342201187,57.55792333750768,0,0,0,62.599237431382306,0
Computer Science,8.1157269578113,29.120656935304645,78.52410065729177,70.15496139119702,3,0,1,28.939261409751005,0
Electronics,7.188543986899299,77.6716156367255,86.29571066808757,61.60529307534521,0,1,2,37.50544721160117,0
Computer Science,8.386572577065003,64.91659559527893,75.00054776891317,81.90122920822732,0,2,2,85.0630280170456,1
Information Technology,8.238440980815664,82.67769034697635,32.6078425090697,37.464066558031945,0,1,2,69.75825504255772,0
Information Technology,6.377473557546486,44.39895666545377,62.51291572794452,,0,2,0,35.31999758520144,0
Computer Science,8.80317853941004,72.79853209293128,87.9575204087178,68.25568000668379,1,2,0,24.68337007650813,0
Information Technology,6.8568438658631425,93.0322676081578,57.88612989852556,56.152200551475715,0,2,2,47.49915730799867,1
Information Technology,8.469669357937374,71.29558412535899,66.64791242144591,53.71312493544067,0,1,3,22.97282584020161,0
Computer Science,7.940744776081608,69.14872258386573,54.32745529145393,33.17497905486085,1,1,1,56.88331019985999,0
Computer Science,9.705820412154146,,96.75883892802653,65.35182520636727,1,2,0,100.0,1
Computer Science,7.231840821153777,41.43677814311132,95.22238686127024,64.05040805598622,0,1,1,28.060878486016563,0
Computer Science,7.080819844658163,85.33359403565522,56.74196657288906,76.76262167513133,0,1,0,56.2794867358757,1
Computer Science,7.476696472934721,55.83713540292401,72.20947000583627,66.24031039617749,0,3,2,86.23853150662502,1
Mechanical,7.13618426059887,72.56724884574525,59.79258928353928,62.61312659167106,3,1,1,74.9817571660019,0
Information Technology,8.45993028233046,41.554485401431194,79.22416958547068,86.18601146222606,0,3,1,57.02518570401724,0
Electronics,5.560427269876095,47.308105032383295,77.64524615863493,41.3755885379261,1,1,1,57.07302659663606,0
Information Technology,6.235581097024375,,82.17558357419898,74.65500593925637,1,2,1,36.881804351508414,1
Mechanical,6.2186364941049685,59.790465665632354,74.97877671561831,34.91935103368372,0,3,1,54.64688459988893,0
Information Technology,8.64036911036829,86.79913214063816,100.0,49.90948615998546,1,0,1,64.8688142848026,0
Information Technology,9.55273604709831,63.82654011412223,54.581143524838915,43.17217161278035,0,1,1,82.1022708654818,1
Computer Science,7.374660937755034,37.37153340563214,44.34094968345229,79.07496563813453,0,2,3,47.59648752970488,0
Information Technology,7.297413932171987,78.3810139959758,64.10364698947808,63.82261579528291,0,2,1,56.20329743873075,0
Electronics,7.584062595735817,56.151615233665886,46.48017601659599,,2,1,2,41.01573038486635,0
Computer Science,8.894253963129827,75.48033220275565,47.61306594991011,45.078806220869886,0,3,1,64.5065035908101,1
Information Technology,6.387176238971311,65.37816301310123,54.980280187030495,59.60551707320799,1,1,2,75.67558900617927,0
Information Technology,7.786042779281742,41.85322658085695,56.16716641852559,51.25762454043599,0,4,2,72.59296026859789,0
Computer Science,8.670237155738915,67.46442148055854,55.680728470749095,71.90219026737589,0,2,1,36.596258491152895,0
Computer Science,8.101313003927814,97.94334713229199,77.77328425668118,47.160359564030955,1,4,0,62.9372641891283,1
Information Technology,7.727497939918492,72.39479687771689,62.407164083719955,88.93629857369136,0,1,1,46.45374943499623,0
Information Technology,8.701255311080569,64.13723370491806,67.3072813769128,34.8395519067663,1,1,2,80.22100031305666,0
Computer Science,4.256121248400915,81.13015102935347,83.41349161751403,50.482643015781896,1,2,1,56.77374554452924,0
Information Technology,8.31345038343709,68.16002697804666,58.505162128278606,95.18960917938973,0,1,1,29.60973323517832,0
Electronics,6.715109180247091,68.14301345394192,66.03181151942917,57.16750253668338,0,2,1,55.603945887845335,0
Information Technology,5.303240523772252,48.625622417613464,75.48639979139374,41.332184040720584,0,3,2,69.16945138397763,0
Mechanical,8.113443119429977,68.50772038684397,40.87648299069668,68.94328812567804,2,4,1,64.880121262856,1
Computer Science,9.148390254195549,,34.22641736574126,56.44293964013824,0,1,0,49.7640797269604,0
Computer Science,7.33506178244677,52.459067718499625,75.19175993196585,49.9543353988705,0,1,2,48.294532202577074,0
Computer Science,8.643449456643527,86.36743731870422,77.38021420850347,45.27432540562309,1,0,0,40.249912035673674,0
Information Technology,9.434733909586374,63.62440963782311,100.0,100.0,0,0,2,52.10500759329388,1
Computer Science,9.077897344300856,51.68345732692189,,,3,1,2,42.88642066948395,0
Electronics,9.46795743524567,79.96448115380366,82.29609575887142,30.33978751400821,0,1,0,79.40171972354631,0
Mechanical,8.39055298928627,60.69808646392596,67.0679103462104,91.88677566209961,0,2,2,41.97725218536767,0
Computer Science,7.590520366681911,76.39272331229162,74.4584083237763,75.99927629199027,2,0,2,62.44568924724402,1
Mechanical,5.5776410257233975,60.623620516121946,95.00885262624301,51.203604241643816,0,1,0,61.08607806652665,0
Information Technology,7.204725014244062,64.10260784705144,38.14010772811547,48.203856403649446,0,2,2,78.91334895769823,0
Computer Science,6.48810408562057,72.40340306501437,76.20424386357521,77.12251033084816,0,1,1,81.78736577916742,0
Electronics,10.0,69.36345586385009,100.0,60.55547010518982,1,2,5,73.91939886562656,1
Computer Science,7.2889370250811965,35.067023293223926,74.23051328814014,30.332399267988176,0,2,1,67.0585668658026,0
Information Technology,7.647845768141383,48.18134389858412,94.75859444849272,97.17031936288403,1,1,2,39.02707707811884,1
Electronics,8.16178245124856,78.94114977186223,60.561817757058364,,1,4,3,38.62259824523485,0
Mechanical,7.552322935646944,63.01795116647679,69.5192875875443,91.92029125668367,2,1,0,43.08618360470102,0
Computer Science,9.534061248516904,57.144030458428674,70.50287053582882,88.01182924338288,2,3,0,75.0384199925583,1
Computer Science,6.752820765918658,44.621389771137885,36.73613380961844,46.98182819930935,2,3,2,61.46659856501272,0
Mechanical,7.733528946284691,48.803955180862275,52.477332582246994,83.59741755853666,0,0,2,77.37314481471125,0
Electronics,6.609035297162342,34.67302040057079,53.54687380924021,53.27403410245374,0,5,3,80.05605468640167,1
Electronics,5.915972986535153,63.480789219477,82.3309911704879,31.399389437529045,1,3,1,45.48096199401504,0
Electronics,6.765877090913658,56.0234362912843,83.08229658526082,57.35723301160144,1,1,0,60.64148655114374,0
Electronics,7.455555843541905,50.50118163522027,74.860546640598,72.15747503197302,0,1,0,59.740126426328196,0
Information Technology,6.984837330579288,63.9781486224807,82.36154345283559,56.670740336065926,0,2,1,53.4442462075157,0
Electronics,6.669094824151373,70.45955946279108,67.5377588091734,59.47312986334818,1,3,0,49.30314290950577,0
Computer Science,5.812419043593799,96.39796898314917,88.02897504309315,85.58418880871503,1,1,2,83.69511006822114,1
Electronics,7.400273312845567,42.321748706551794,70.13182663948108,66.91689164522165,0,1,0,61.03943453431002,0
Information Technology,5.694335551162798,82.39071564950783,70.86796071140135,49.820630396870854,1,0,1,60.26289577119536,0
Mechanical,8.412067156427524,79.59652341522607,66.01611050106384,77.63654582601188,0,0,1,43.94444650262808,1
Mechanical,7.598927703521404,53.31360890934949,80.26675716454642,68.5581602051764,1,1,0,73.50424860827009,0
Computer Science,5.750938200642083,68.04853931879046,63.6820177508063,19.611113573683227,2,0,0,39.8978499832397,0
Electronics,7.128949107540164,58.13550125993577,84.64647065797102,72.71035244788608,1,0,0,69.09811057689365,0
Mechanical,6.5974123132913,67.78532870628108,53.0177628892599,72.05291673888983,3,1,0,69.64458720110325,1
Computer Science,7.883009412503016,87.63696520106826,53.51625617907709,65.36218033245548,0,0,2,51.74969901352863,1
Electronics,9.108540535227773,74.0840934894697,80.31140132689757,81.05061045925235,0,2,1,66.3530416236636,1
Information Technology,5.249793036425107,72.62912559850163,68.67183678125481,52.896915482122964,1,3,0,63.713391180889744,0
Computer Science,7.6380312949769005,58.54536020068036,63.19162875770307,71.05699619877622,1,2,2,59.21278750379701,0
Electronics,7.307840645320032,42.73915002613497,,36.79473131898765,0,1,1,60.25887960290465,0
Electronics,8.305608091740558,61.87297684189388,60.89107878870873,72.32762690117897,0,3,0,61.23563646387043,0
Computer Science,7.755835953885227,83.09912232295872,66.99698118549445,100.0,0,1,0,62.598233453440976,1
Electronics,6.597636801913417,42.09248215115529,90.98841925106738,47.09258565558426,0,4,0,61.20484062687414,0
Computer Science,7.117135277200058,49.173659477349574,93.08713518715976,51.32356162422005,0,1,1,37.92271619575716,0
Information Technology,6.544768971835813,66.89401604351102,93.58597315405491,52.219722027952066,1,1,2,56.955780979887905,0
Computer Science,8.791208566318318,50.23017822729106,65.76811334599132,67.33996806442872,0,2,0,65.29897202393744,0
Computer Science,7.525573978406331,53.11214829327181,88.46054357476706,45.86534708863307,1,3,2,61.94577457078583,1
Mechanical,9.781428822903608,58.64602127407734,55.76570758346983,72.58245281643764,1,0,0,79.07500518790278,1
Electronics,7.427207023422455,44.51573893714776,56.39645687916909,80.24311901844497,2,1,1,72.40173178998909,0
Electronics,6.649911879707445,50.38817230675448,34.74316221063459,74.61824984216813,1,0,2,42.591809298937285,0
Computer Science,5.683542728864608,75.55141875180963,95.09302302847794,33.16852233851469,1,1,1,56.6674578389121,0
Information Technology,5.336232388492866,45.38945326653554,57.04030226385883,82.91301797285492,0,2,0,53.77326693105624,0
Computer Science,5.599036868393412,41.03191798257743,68.1020113037941,81.87261345656624,2,2,0,59.91303026745632,0
Electronics,7.8205519812137805,55.54962530699159,56.34513487107574,79.94290470223348,0,2,1,59.940372003226,0
Computer Science,8.110470027875921,75.9793325376477,80.42747872495211,71.71116047580485,0,4,0,72.23043338479698,1
Computer Science,5.60257115756144,62.046172880046655,64.3654950892399,68.9634076556924,0,1,0,63.546567262822876,0
Electronics,8.57404597689134,58.03128382826572,50.427746643505756,83.58300916627515,0,2,0,84.61090010417101,1
Computer Science,6.920326737979873,65.6653819627341,76.62493846279091,99.62324277686218,0,0,3,64.8200627532472,1
Information Technology,7.676151614382659,38.81438850710522,48.49404962784657,47.845271659432704,0,1,1,43.388189593254474,0
Computer Science,9.434664753906508,72.42058480662548,57.43891412026763,84.4062571243059,0,3,0,50.65438759663561,1
Computer Science,8.576207179038638,70.75152547105466,38.396663280608784,63.44809223586585,1,3,1,72.07578141463517,1
Computer Science,7.1777632225130015,58.86037288856418,48.6406283170359,62.665885063485185,0,0,1,27.716634709886293,0
Electronics,6.4305693295016555,80.08886767694625,72.67793754580717,37.34244757312331,0,2,0,33.08239170479909,0
Mechanical,4.917821518404835,48.08755851570442,40.53195942845613,59.87379062872289,3,1,2,60.21394414250461,0
Information Technology,6.6370160169090955,81.91863489880355,47.78281413067427,47.04923075656852,1,1,0,79.01844237042332,0
Information Technology,7.246643713406767,67.31740498392877,69.96446625800787,56.65062026889298,0,4,1,86.14070863909755,1
Information Technology,6.31538456741858,59.951711151827396,61.84589655860421,45.232645091993305,2,0,0,55.65788505956457,0
Computer Science,7.342491639489235,64.70189546947533,99.88054953938963,56.91964902836589,2,0,1,81.21657373971769,1
Computer Science,7.592222259550522,63.391028512835874,97.50844819036563,57.69001357357874,0,0,2,61.445358195377956,0
Information Technology,7.230172821830306,83.30424344626576,56.9811630587327,66.7415885318984,0,1,1,29.37170035513539,0
Information Technology,14.29304697771396,48.84981308793479,78.35706427605223,35.934502478756045,1,3,2,59.83846927043261,0
Computer Science,7.702385606360073,53.56221141280103,81.23923835319177,38.980673340584175,1,1,1,47.621837507568976,0
Information Technology,8.030328779483291,80.5445433810872,61.03781712963395,71.51445687314948,0,2,2,78.36461760955481,1
Mechanical,6.191521107068585,56.06697597224211,47.56687695252694,50.64611389273822,0,1,2,59.486494792910264,0
Computer Science,9.193118855695523,78.50799615997387,69.81552326037914,84.34153622413876,0,0,2,34.44173786887059,0
Computer Science,7.381694241258886,90.49153974513064,67.40731487778834,69.05485499627083,1,3,2,30.005703781828817,1
Mechanical,7.522619547533817,58.973074595875495,63.463532545440714,75.92171870371533,0,2,1,59.580400851710976,0
Computer Science,8.349857307907868,75.22043489862958,76.63475302246728,90.39246176757611,0,2,0,11.595650570805889,0
Electronics,7.7798593575162025,47.69461577990212,58.73905589491602,59.4252053874817,0,1,1,49.636694203441984,0
Information Technology,8.643763960695894,76.32099947101713,,54.65923930250704,0,0,0,64.62060651485683,0
Computer Science,7.844548998242189,67.9913597898015,71.63624455524747,80.69064654077864,0,2,0,38.85966991889284,0
Computer Science,6.765075150431475,72.09557423240322,75.78955138853314,74.17124415073435,1,2,2,79.87974313810659,1
Information Technology,7.933804230247322,55.31641891946907,52.350325841499206,61.62805442321658,0,2,0,83.82013099501384,0
Computer Science,6.127528551215206,40.08374876649241,83.92135916486622,90.04624340520697,1,1,1,39.665980944960964,0
Electronics,7.630271646931828,72.54878097124258,43.44278293335883,61.17960242288125,0,2,0,54.039116516070266,0
Information Technology,7.460124011226647,34.04895271280818,61.32829811926535,65.58992547600407,1,2,0,79.89386302642943,0
Computer Science,7.250259771272952,60.23974261636198,66.12987195703586,65.38200771501666,1,1,0,59.97384931489822,0
Computer Science,7.345754986273283,79.11772799629955,60.45664431022105,48.17730989182752,2,3,1,32.1104284380196,0
Electronics,5.241781145402833,67.87846603809554,61.524092896732114,66.39653701075504,0,4,0,57.13357862871294,0
Electronics,6.841530110710846,94.22513967184719,98.06611723462171,90.14168319317284,0,0,1,42.94143355408322,0
Electronics,7.611413881369337,80.3766372887266,57.23673866441652,73.00942967677116,0,4,2,82.1639579285177,1
Computer Science,7.69182767039688,55.191524175116356,100.0,65.55914167518077,2,1,1,72.11864188649177,1
Information Technology,6.26678983088885,65.40970069777158,76.55690169596578,62.08818893901795,1,4,0,53.72486109468744,0
Electronics,9.01884940903764,64.28943946183347,71.38082705967987,70.95560651131433,1,2,4,62.84296025060081,1
Electronics,6.4605901821425995,41.26734854980809,77.14360530081498,78.49579931280533,1,5,0,33.83756846055027,0
Computer Science,8.663348640632083,50.8940162527347,100.0,75.96629895601555,1,2,0,44.92445082884777,1
Mechanical,8.012633234246023,,55.09610494102828,59.026432487204374,1,0,3,91.06558375384986,1
Computer Science,6.724527228187436,34.456692457160955,53.19373121595416,70.84606869398206,0,2,0,61.070293051593346,0
Information Technology,9.630373071131414,65.71240202377464,58.677007051421185,73.63891534066902,2,3,2,78.60171609582731,1
Mechanical,6.067635801892224,61.26392233020439,70.48214720446842,46.87049022451439,2,2,0,64.64026176816057,0
Electronics,8.602985008332002,39.906591480326384,44.1134331278114,68.02814974130649,1,1,1,86.28563686059049,1
Information Technology,8.700698781651575,71.06319297915998,70.33508858977912,26.096530046557486,1,1,2,20.023249348015604,0
Electronics,6.695255749108026,75.73809117036438,95.40320700120508,,0,3,1,56.23564831961987,1
Information Technology,9.170958360077195,68.40551718297333,72.27111085937166,76.88617498212827,3,2,0,92.89563292432778,1
Computer Science,7.199944182481257,60.138977371865444,65.60971811537085,78.45583026415628,1,3,2,79.12346871121288,1
Computer Science,7.846432355135828,73.87163227627782,60.72759326974559,57.88915666094778,1,5,1,86.50744517580382,0
Information Technology,7.812386206525465,75.20330540715037,83.47767556827347,70.56284303043263,1,1,0,59.864708126870184,0
Information Technology,7.3388295102353425,69.61105354579533,57.61250840142929,90.631169219741,1,1,2,49.25787169173233,0
Computer Science,8.472969927791738,52.630816243478584,97.69593880898871,90.44785366924266,3,3,2,39.45671080624143,0
Electronics,8.452186464662656,69.1490114826677,99.00039621571536,,1,2,0,38.0614381667698,1
Computer Science,5.401761632114183,,73.85126197992682,67.50775335313207,2,2,2,76.14121124417038,1
Information Technology,9.065208291453782,56.05056412082405,,84.99640060521979,0,2,1,70.26422100841704,0
Electronics,5.505009614357191,96.46909008698647,85.45989712362339,37.985563725280855,1,1,4,58.6685310133928,0
Electronics,8.739055445209988,57.115535990219236,86.42197753340987,59.184636631813554,1,5,2,70.16381309703361,1
Computer Science,8.8520461641931,65.48610520010205,57.91012403410877,89.04026819966163,1,0,2,62.849035181041216,0
Mechanical,6.190840283741762,54.91271605990496,62.10167300294947,82.55360975032579,1,2,0,79.24435402798967,0
Computer Science,7.007022854454498,68.3490625388039,50.16478847975057,71.64674799769828,0,2,4,79.0537350981634,0
Computer Science,6.1731543978168775,38.866674610470874,76.13597407501085,37.89501670404883,0,1,1,38.682517990303154,0
Computer Science,7.242094763653518,56.80937301774918,79.99941825185336,64.10161580525909,0,0,1,65.4729197493958,0
Information Technology,7.13035885897711,48.61818199477149,49.75111543208091,54.381522867501204,1,0,0,26.622664996118356,0
Electronics,8.435592638723207,67.03007521838437,63.17201642775761,70.95870025070984,2,1,1,62.66041476181192,1
Computer Science,9.072370495343531,79.91671063263361,49.79119123627976,50.431759673692156,3,1,1,72.0860855940317,1
Mechanical,9.174820572947947,74.69009280671827,56.51800284634243,46.536978890457064,0,3,0,33.725613104136784,0
Computer Science,6.825398368106037,29.425109587116616,78.26525590339449,27.832425001694453,0,2,0,51.67074529078336,0
Computer Science,7.248933751506566,95.6310447939182,58.99776899982581,86.99248432958062,1,2,3,60.19052754439605,1
Information Technology,5.47987416933486,69.42919910931303,65.48761065951552,57.804130794024964,2,1,2,64.67829832746779,1
Electronics,6.532955920204573,53.352512892605,45.59032408079027,67.82862410664562,1,1,0,54.4279259355033,0
Computer Science,8.65782195971695,67.3569187848641,72.80485314586997,64.95971390346475,0,3,3,36.55423695190656,0
Computer Science,9.438699388257877,67.64284733754037,69.33590020233027,45.786189206711,1,2,0,58.919855961614836,1
Information Technology,6.018781353744093,54.99726924572654,59.06561124950257,42.336831593932516,1,0,4,26.95512866118044,0
Information Technology,6.789042889016527,67.96875001013113,67.16478553476288,46.90432773204976,0,2,0,55.3471712663571,0
Computer Science,7.4683130916492875,55.88791568569539,72.70442320755167,51.982968101070924,2,2,0,51.1725277260614,0
Computer Science,7.836193390583528,58.934570109649655,57.776977766359835,71.59891244624849,0,3,0,57.314686531211585,0
Computer Science,6.528475776094025,54.705812963673736,47.85606183997331,50.677082056629,1,1,0,48.81356045048634,0
Electronics,8.008873253356908,43.50993065390521,97.08361649030223,96.4368313687032,1,2,3,29.846383236875994,0
Computer Science,6.931392783514901,67.18754705323076,60.50090942934591,83.48871864607672,2,1,0,52.67313358820976,1
Computer Science,7.482657274946065,73.77949154774507,68.54859845219666,79.55047189398275,1,2,1,78.61640250074637,1
Computer Science,8.15554109760444,72.72325394114559,85.16259602530471,62.8461397554833,1,3,0,85.2292160797761,1
Computer Science,7.507706723773126,77.29887878952852,100.0,92.25705324296871,2,2,2,100.0,1
Information Technology,6.976336931368118,69.86510315022302,51.33270325166701,61.07589863981977,1,1,1,93.83300816795328,1
Computer Science,7.368468235289003,57.00911752674645,76.74740820589764,64.43729454522357,1,1,1,36.06124146663792,0
Computer Science,7.393964448953597,77.59495796646783,59.386715720588406,68.05954171548684,0,1,0,51.83124797454681,0
Computer Science,7.055986764141446,44.63723690237097,61.91814543134934,77.6328147297802,0,2,3,59.54428730324446,0
Electronics,7.189444724799477,51.4899292623128,,76.46434542205374,0,2,5,58.28880331532601,0
Information Technology,9.41837660460566,50.53699892865133,53.115175482991226,56.44774498799715,0,4,1,61.390666597924515,0
Information Technology,8.173103337529486,81.20084088708965,69.38062957323008,55.406113050332834,0,3,0,100.0,1
Computer Science,7.145423618365007,79.14182771210113,,76.51825322873752,0,3,3,38.35896908415205,0
Electronics,8.336345285412882,72.30957855567492,84.20211349767806,77.87425851004218,1,2,0,45.72937727571402,1
Computer Science,7.099416612292788,81.07894797817696,70.82504404050061,57.91967975318829,0,2,1,92.87651860178185,1
Computer Science,8.90774956510397,51.810758263820176,76.3365245935216,36.43061474578783,0,1,2,47.680373138302954,0
Electronics,7.943570630637713,70.22892679791471,63.00717082080665,61.2683102718516,0,1,1,67.87161300671431,1
Information Technology,7.3712374271949255,63.12238357425254,64.49194098682378,76.22346437886546,0,0,4,80.69314739736417,0
Electronics,8.037260310972332,77.70323155827371,74.31345857750992,97.49750323555605,3,0,0,69.72998033464059,1
Electronics,5.6149486175178005,63.271636511717034,52.53924051391262,43.43675667786808,0,3,1,63.835312662049844,0
Mechanical,6.1478790373082335,59.22585667384878,64.63014348379997,57.32171744904968,0,0,3,78.77221539387968,0
Information Technology,6.067289992321133,73.11362777841485,57.10579729182319,57.99073589254322,0,3,0,42.13862886990059,0
Computer Science,7.6715317137164485,78.1425375078685,56.641467841134784,89.40449610976702,1,2,0,50.072737410079974,1
Information Technology,9.57901799938211,54.97482207729797,38.35242639061538,64.3710529917446,1,3,0,70.71275176930327,0
Information Technology,10.0,64.08386492971435,90.0898988422,48.66812193129922,0,3,0,18.61121481571498,0
Computer Science,8.265661321728908,,59.70191870269347,75.05651509259275,3,2,2,88.33167646689385,1
Computer Science,8.101013369933348,27.52908473760591,87.45064082745326,57.71650663926297,3,0,0,66.06784750395562,0
Information Technology,5.338730719016714,68.00689447120594,86.03188482091439,42.96102907955682,1,2,1,63.060635055623,0
Computer Science,6.848791440319174,74.13358034381947,50.71000440225259,48.930080469029285,0,1,0,27.389742447178854,0
Computer Science,6.554659497710113,68.93100213630089,,96.21275517960714,2,1,1,34.267817492005236,0
Electronics,6.754982882098661,35.75657423368449,100.0,71.91576598969031,0,1,2,138.1146034219772,0
Electronics,7.298227417698253,59.73725854885288,96.26388912890715,66.93968099814577,1,1,1,76.14859700591198,1
Computer Science,6.933491306763448,31.72478359923378,69.52722230007844,60.50191275538317,1,0,1,18.467679756028296,0
Computer Science,5.124840227549055,85.54551661481277,73.86059659626024,70.25867915813838,1,2,0,75.76729601554713,1
Electronics,8.397492307341041,48.709181268228704,60.53730395579217,70.0442470280449,1,0,0,52.79937351783266,0
Computer Science,6.2127083691122325,83.83105414189845,76.4852907130051,70.25903890773186,1,1,1,55.53153054516696,1
Information Technology,7.78709623693338,79.18804465526219,59.24227148916293,67.06721162499956,0,2,2,65.07185883381614,0
Computer Science,9.988899203699969,51.49114471195907,39.51469353552423,80.63837008949989,0,3,2,65.38634475692822,1
Computer Science,6.396738490096292,48.008225730983824,50.17666320233423,65.41587822801316,0,3,2,45.751428201268055,0
Information Technology,4.463654972704404,70.25555324579507,70.3163912177588,47.397100960052505,0,0,1,72.49820176937685,0
Mechanical,7.156794933743867,52.33513944225393,53.033991467461185,53.976387963784376,0,1,0,13.61203720207123,0
Information Technology,8.821151561998285,66.53726963237311,68.99083802629698,29.37766351718518,3,1,2,50.9916222686469,0
Mechanical,9.850016945064713,57.757586137896226,53.88008440850706,100.0,0,0,1,63.07363526353808,0
Computer Science,6.0245404866570995,,58.2646911624701,80.52958265514836,0,2,1,53.101013695710506,0
Electronics,8.096039067883826,31.542979713133114,82.79747959619787,50.058731087673735,2,0,1,23.461793920680364,0
Computer Science,6.941627451863936,68.40026372741896,73.71220821460157,59.9267927108522,0,0,1,75.1605475752094,1
Computer Science,7.372861974835037,56.57663380504062,69.8550336802998,53.5362234642842,1,0,2,35.03224375745896,0
Computer Science,10.0,56.703652746288014,83.18445959605977,92.7658498047341,1,2,2,58.649719849434206,1
Electronics,5.696435605925816,75.43795758640678,77.20912890021022,39.44221104312328,1,1,1,63.06069194135246,1
Electronics,7.804487593793488,82.60163414948667,91.69844936877051,,3,2,0,60.39654307530734,1
Computer Science,8.06123180611852,,63.1021110652729,63.046498833832736,0,1,2,83.3802185172763,0
Computer Science,8.802943589927217,59.89101939635208,63.55547532208737,79.88309535276406,1,3,0,58.934748800126265,1
Electronics,7.617579784165074,72.50214549670827,50.48336100412982,63.12783390095549,2,3,2,68.5491080939388,0
Mechanical,7.869660647404922,44.64596645450637,63.5652892394137,33.35224022020217,1,1,1,58.88191933697518,0
Information Technology,7.030021719093851,68.34729582121545,84.47154841453668,60.47987897643606,2,1,1,72.25912168332549,1
Information Technology,7.822952329494129,73.27828957733232,89.499810583932,47.50108007702015,0,3,1,87.86990594095046,1
Computer Science,7.0881692694031075,75.20345312626444,84.40457752130003,66.43243183801809,2,0,1,62.75083658944388,1
Computer Science,8.245886267827261,35.94870946246303,43.08712200175846,90.81518665736589,3,1,1,75.63700715165999,1
Computer Science,7.056467596747639,53.57967095286589,86.24717818991101,33.69034560381899,0,0,1,89.10657869764395,1
Computer Science,7.9525204726826235,51.826051207648,42.42222065091894,50.59599076280173,1,1,1,87.14368493948542,0
Computer Science,7.464884623578026,66.49830431613819,83.47175986183521,,0,4,0,52.29421192777579,0
Information Technology,8.8512603009266,72.21116869651976,,58.1306402825622,0,2,0,80.72864711490335,1
Mechanical,7.438327531693816,87.45065611168972,80.53799970900783,78.3222619538944,0,2,1,64.97542320094385,1
Electronics,5.372361038151742,57.5755177944789,50.013274781581515,61.876200483895026,0,3,1,82.34459995467827,0
Information Technology,9.01430580085679,57.53641252536179,87.5675144905922,72.48444906296801,1,1,3,71.372691671259,1
Computer Science,6.413121238964857,,48.025378808426666,53.73608521282802,1,2,2,65.51336152072376,1
Computer Science,6.715480393621416,69.44865407795457,59.97317633720233,69.13863821752288,0,0,2,68.67944160692709,0
Electronics,6.785206447147809,84.01477266781961,55.028580583464475,79.00035735579887,1,2,1,65.10475912077862,0
Computer Science,9.14932571180498,69.33092004514755,43.68572720766252,51.818608104732405,1,3,1,65.8866609027302,1
Computer Science,4.937190943225565,47.64325071930094,71.41791351382703,79.06444615651726,1,0,1,56.823352788361824,0
Computer Science,10.0,45.0030746783329,97.09133676755442,65.94270983709623,3,3,0,54.96551318784965,1
Computer Science,8.767268170879262,41.72731626411606,100.0,83.81828432868055,1,1,2,95.26349858745338,1
Computer Science,7.767886696954991,74.9307775213771,71.45733680629371,61.37444179861448,1,5,2,69.55055822222369,1
Information Technology,7.434127199260456,82.82895234630512,86.75021912601284,71.86240379291777,2,2,1,48.533901555372005,1
Information Technology,7.842664889829188,92.74043212079572,73.48141956892806,64.26908782978646,0,2,2,137.50212914358855,0
Computer Science,8.125346914055207,77.6465799848486,77.48324792152319,63.26817928326958,0,5,1,81.12516906895902,1
Information Technology,8.274258703140069,82.44257866302479,,69.66074770806242,1,2,0,45.27626579822761,1
Computer Science,8.166725359204138,,72.92615388133903,74.66253444604827,2,2,0,30.359446363779785,0
Computer Science,7.6074968175062985,47.65376274884215,78.06218056909643,42.50783158536791,1,0,1,133.08691669368912,0
Computer Science,7.2631938956312085,77.7511899862633,61.32310406685503,90.8054049587218,3,0,2,25.420487995904246,0
Computer Science,7.318472059615786,71.26521128359101,68.83758550160518,31.52606527010363,1,2,1,34.02370283471084,0
Computer Science,7.266110063576782,66.6116656151134,69.12354821503767,52.673382024699876,2,2,2,36.38268120398379,1
Electronics,8.860524116240477,70.81057220949485,82.39604975995788,63.30315672623179,1,2,1,87.70474759216278,1
Computer Science,8.212268066737034,69.84778223687309,54.00951742558479,72.42240744354707,2,2,3,59.07641574681463,1
Computer Science,3.971533638402864,84.25725289780343,69.22686687088523,93.37110549934481,1,3,3,52.73472921726566,0
Mechanical,8.287080931835714,84.42478377225434,98.68008203579046,31.550753211948066,1,0,2,31.131738739628524,0
Information Technology,7.73368343366253,73.16330528510521,87.46090228878906,55.86150568898521,1,2,3,57.1374720505732,1
Mechanical,7.477549492264923,77.68704308844393,90.23768573333058,26.716997219613223,1,2,1,25.25343874871615,0
Computer Science,7.033777856293337,72.71093828637164,70.36647760267051,65.56919553038446,0,0,4,52.6116565742727,0
Computer Science,8.848935263983217,,74.81496345529035,69.89030452100056,1,2,1,100.0,1
Computer Science,8.63703175454743,76.3484701236971,85.03354250054387,93.63432335908254,3,2,2,73.2760715741273,1
Electronics,6.572546798611669,44.082573967111074,93.40383294296396,67.17142569608217,0,2,1,55.804036792909386,0
Computer Science,7.988462744549442,80.80837328443825,40.7259563067567,83.79245232996283,1,2,1,73.96247210812713,1
Computer Science,6.334011918550457,47.082155903509474,50.26838039425232,75.50906746770306,1,5,2,49.569136437448634,0
Electronics,5.844458202253284,69.28704930192099,,57.16553245390697,1,3,0,43.986445142416244,0
Electronics,6.747939330492041,52.32269062360761,65.84665966346795,39.63870655774329,1,2,0,94.08259259065684,1
Mechanical,8.53487216685931,73.30083474611641,59.92418816112884,69.95004136925259,0,0,0,37.15450692159453,0
Mechanical,8.643750054451305,64.49112161108137,51.18758519506594,38.14216369138345,1,0,1,52.91757528645299,0
Information Technology,8.11570250411675,41.07866062755001,61.67474947683836,88.31372730805359,1,1,1,66.1206656472702,0
Computer Science,8.370114944217596,71.31049446527719,48.96446074864263,62.08288216333717,0,1,2,41.27531588485104,0
Information Technology,8.11941394453795,56.33118834750934,100.0,86.51319340720549,1,4,2,73.01209907262819,1
Information Technology,6.730222085732457,78.21720081220053,69.6634592202914,56.35614018561681,1,1,1,53.86810950715495,0
Computer Science,8.018307053608728,65.01988533101611,69.13074187355923,69.83931415521785,1,2,0,73.27820655133714,1
Computer Science,11.320246870882345,70.93131478082057,78.82115012751747,68.7682794320244,0,4,1,71.71968359501037,1
Computer Science,8.405149595776289,50.63646567477182,84.43517753899854,64.18920587580337,1,1,1,55.1397573874834,0
Computer Science,8.926696045769571,56.16001652858957,84.18832234831959,57.21212875886134,0,2,0,94.2131734518197,1
Mechanical,8.349964616641277,58.120420458483736,86.10432915861358,72.06420833246936,2,5,2,46.69328393133117,1
Electronics,7.921737849049899,77.85053720363834,60.53731673813716,48.32906125730225,0,1,0,86.97740941097474,1
Information Technology,8.784180285979712,90.16065631708234,,43.23016407873694,0,2,4,83.49866485256082,1
Computer Science,7.468174488901128,,81.53547483163413,87.3708840798829,0,0,0,95.4176441532088,1
Electronics,6.4417504185267385,81.1527221698652,62.0891640754057,78.08902380005782,0,1,1,63.481120786860416,0
Computer Science,7.304319643267483,32.45483873411447,69.92340051959162,66.18604895484032,0,0,1,44.228285761440205,0
Information Technology,6.606116826232261,47.08715898361566,75.98145646637221,94.97256288578807,2,1,1,100.0,1
Mechanical,6.689786070030742,,81.77777623465565,60.18022066295279,0,1,1,53.30597064047272,0
Computer Science,7.326577595141378,44.71236965838917,43.33478556444698,88.80865795980164,1,0,1,43.729148545889295,0
Mechanical,6.5490960948000465,41.2461741531863,80.72118474833418,68.1603335286648,2,2,3,56.20426508190374,0
Computer Science,7.130446164433152,71.19498368206696,66.49413913222412,46.554486498624975,0,1,0,40.36618567685845,0
Mechanical,5.227662399655458,61.78898453408208,80.61186566296571,98.2647234518753,2,1,1,70.52297650246692,1
Computer Science,7.755952448847526,70.69108096407665,81.65397538532243,82.83279523923353,1,2,0,47.88663236482975,0
Computer Science,7.501446570434669,75.3570902918227,94.11872591678737,62.821621441827844,0,0,1,54.250316601902554,0
Information Technology,6.519493642718171,68.984254897588,90.30180471431805,78.08908267161108,2,1,0,79.35557723329924,0
Computer Science,8.291094802118886,74.86644764225561,90.19857493915444,57.73333818803768,1,1,1,72.47386420352383,0
Information Technology,8.62508416515187,63.95701570636596,91.65505478749357,79.92468263107176,0,2,0,60.31169145139317,0
Information Technology,5.570928162757231,47.19509917541383,74.37068477223919,21.96058582488873,1,2,1,63.41747057493964,0
Information Technology,6.584730265720543,80.86721271231194,70.48277630555259,46.643575993497315,1,3,1,60.24510861263083,1
Mechanical,6.577029180255242,56.1633180082831,83.09225624767501,82.62667539716533,2,3,1,51.37689867165271,0
Computer Science,6.372116278669362,50.966055518563614,80.98121427149533,60.506200312059455,0,0,1,59.94946678304426,0
Computer Science,8.495369810318099,62.331231862934025,65.36400644892609,68.73576130799735,2,2,0,69.81683250985887,1
Electronics,7.267408633472636,51.3078362105523,76.07235113212403,40.75785808192218,0,0,1,57.476757420423205,0
Computer Science,7.182582190427267,58.73854427015851,69.47355299823109,98.26160592263786,0,0,3,68.39535260460548,0
Computer Science,5.095365162711896,70.160808823452,57.19100637309916,86.42953358691818,0,2,0,43.26662443153905,0
Information Technology,8.262501636251072,70.22512608869191,89.35691112064525,61.38766606924407,0,1,3,47.9221269770859,0
Information Technology,6.012889926175833,51.53254900361556,70.82798863795134,57.71547457646013,2,1,2,45.31358993452049,0
Information Technology,7.571919156319594,57.68441940576883,100.0,83.53287850555448,0,1,1,48.69737256415187,0
Computer Science,7.832852325549831,81.11499507155365,45.61761594700251,100.0,0,3,0,85.74362093412182,1
Mechanical,9.132790315006382,72.44600176600912,61.64831840734951,82.16768460460436,2,3,1,74.5207758622072,1
Electronics,5.929415521057066,96.12597559022812,70.48958255036307,100.0,0,2,1,38.46153762631309,1
Electronics,3.8765854130150097,82.70192260612292,87.06071646443371,48.397676076885475,1,0,1,68.7499659281691,0
Electronics,7.720619453704434,82.16439602839908,75.99204058903278,50.25103705102177,0,3,2,52.1883537470286,1
Computer Science,9.660613417813025,44.18197174316297,74.65709131271127,43.59905987503972,1,1,1,46.352308290568686,0
Information Technology,8.986735623527325,76.45790527450134,53.091043111687796,72.95169169369063,0,3,0,30.285210685549863,0
Electronics,7.751591298329551,64.20339797454633,52.64587904155793,68.16086389647866,0,5,0,79.43837387640488,1
Computer Science,6.910036577241543,56.73527294692626,74.83756990434857,62.26487977750426,0,1,0,32.722737006657226,0
Electronics,8.468547115964773,67.52023010798793,49.538410092724625,79.56665530621937,0,3,1,58.96073643980251,1
Mechanical,6.331744560354638,79.17817301917225,62.02183374566007,87.18191489386396,2,4,0,41.073775085502625,1
Information Technology,8.071629323227462,72.51247386506317,77.51375993628787,37.53807663283684,0,1,1,75.51687894139849,0
Information Technology,8.106564190999952,51.8228929798691,55.26513591584836,54.25450349777992,0,2,2,53.31296347372099,0
Information Technology,8.772251888998655,76.1368837038893,94.08033943542709,79.76258469421508,1,2,1,57.310746889593105,1
Information Technology,10.0,55.436186868860545,88.35904516356835,56.580703690545526,1,0,1,57.98531474139934,1
Information Technology,7.97089916061452,68.2502467844643,46.4287000249255,50.632290625553225,3,5,2,66.05140669871567,1
Electronics,6.889243649151002,60.44974898784299,56.01443135227019,83.3336736977071,1,1,0,60.26009527966619,0
Information Technology,7.4693108253696066,61.71700622396561,35.71334133257575,41.78899874496836,0,3,1,59.134536220777676,0
Information Technology,5.377108914133058,76.49364462560764,58.261129561778,59.57156345976011,0,4,0,49.63196049490445,0
Electronics,12.940154436617378,49.39709420276153,81.49582714858599,70.91559246448655,2,0,2,28.50541253315814,0
Information Technology,7.008861074264275,94.17792611415399,63.79157586587715,54.67124154961786,2,1,0,37.62898080916289,0
Electronics,6.871093922478489,37.68370896058256,76.91195865423951,79.09680180823715,2,2,1,74.36959477361292,0
Electronics,7.682825846440466,56.03498475117714,47.16498522577384,,0,1,3,53.88361073347404,0
Computer Science,6.513096081141359,70.55317834912611,81.96962881872858,90.35515088202655,1,1,1,46.71980444555041,1
Computer Science,8.845236800789365,73.76471249652964,61.67336158107475,62.736566645076095,0,3,2,31.8854371116391,0
Information Technology,7.500248477901837,63.49286419142441,70.18254523424358,77.08286246069636,2,3,2,25.60705719819296,0
Mechanical,7.4888396146336484,64.13913945497686,68.60688247910421,78.4284311536907,0,2,0,45.93586239743603,0
Electronics,7.106526340184499,71.15825127991425,50.92677218661574,53.70427995060669,1,1,0,77.76105708090515,1
Information Technology,7.686228820630775,61.533957838134796,52.70373502390326,28.037242124194005,0,1,3,48.85859612755363,0
Information Technology,8.490117917601161,85.89771886902359,84.51691703505139,71.49360358394902,1,4,0,68.00971050482894,1
Electronics,6.45944374114692,77.59023671347403,75.98488236252544,66.30119024824765,0,3,2,47.93880341204085,1
Information Technology,6.7102602131096925,78.09236526508452,85.7507356233014,75.00486849635229,1,2,2,72.77733392057698,0
Computer Science,7.135528765468003,50.50764914944374,74.86987353253778,60.922505497108915,3,1,2,52.96498396382661,0
Computer Science,5.884954891832142,63.809173633914455,72.14485952213825,57.25230142158711,1,1,1,35.36231508899007,0
Computer Science,6.516890568334203,60.493010769189446,,100.0,1,5,2,54.620938642011126,0
Information Technology,6.92853495174641,49.915979364658014,,38.497626892806,0,2,2,96.68000836560815,0
Computer Science,8.549267016855273,70.4024627591865,69.58923519394384,78.2111086105563,1,2,0,95.79768631101709,1
Electronics,7.8150735948023105,56.935313633302755,99.29660797408862,54.65716655269896,0,2,1,69.73066605558729,1
Information Technology,7.732307893641053,74.83105744775355,80.30434948148016,58.9559848806724,0,2,1,57.25882369172595,0
Computer Science,8.521077554601566,48.947126556585026,93.04091772564293,59.29214901366861,1,4,0,66.07803604190167,0
Computer Science,7.335153853920724,90.78560919262732,78.96306558842092,50.53818306491737,0,1,0,66.3370467746658,1
Computer Science,7.968557819914667,51.555010121119075,59.33045159575781,75.28203578425232,0,0,2,59.20226495265797,0
Computer Science,7.376133896481004,68.28953505800654,71.75686324224777,90.03158472709923,1,0,0,68.81888039845234,1
Computer Science,7.818434819279554,76.87788965582101,73.5433546939635,73.46024590243991,0,1,1,64.16453724307127,0
Mechanical,6.800689610866102,56.44039354699831,55.912666453439776,66.86087593181772,0,3,1,53.68055229271373,0
Mechanical,4.5734194100682855,77.78702965149427,64.23418935110618,47.24407101621356,0,1,1,36.09486401232714,0
Electronics,7.338865005376435,46.562246032993755,66.91349509484242,74.30285478484012,0,2,1,50.798815155596685,0
Computer Science,9.207297763319929,86.78176548773841,94.08429748847678,100.0,0,2,0,75.99037698147194,1
Electronics,8.61145848268991,65.21223897448637,38.788892119135326,,1,3,1,59.37075551009271,1
Computer Science,8.658476981509406,56.0538288804668,88.08727631074065,58.23229557166641,1,1,0,66.0057378317501,1
Computer Science,14.094104785503662,60.51227341358848,55.94807147560926,54.900395642342055,1,4,2,54.33968944591175,1
Electronics,7.606389109153725,77.13378904089079,49.41881219095579,56.19054377910043,2,1,0,38.808049899787505,0
Information Technology,7.736778848886715,56.23317062224343,87.69913195057696,15.584608033897078,0,4,0,55.227405702563544,0
Computer Science,6.75881772547878,53.759634658658335,80.97847103851572,72.29063694540282,1,2,0,39.55088198501297,0
Electronics,7.12071257276754,61.67695103624393,88.81778053571784,49.78006082561695,0,5,1,38.27421652792897,0
Computer Science,8.23892537972537,47.34556830845048,82.01052921318364,36.0152638617476,0,3,1,84.1127321773882,1
Computer Science,8.94466132460258,92.30815861912723,100.0,78.55741909518588,0,1,0,51.59827990131567,1
Electronics,7.3326644691828005,56.50408113177915,78.38085755416728,45.52367986924515,1,1,1,45.17030549079933,0
Computer Science,6.9597728821783065,77.47425179270606,67.65283935815262,58.903957030092364,0,1,1,92.3591936876181,1
Information Technology,7.500633550627917,68.14205125471659,75.14389565982013,91.39596304139444,1,2,1,76.29970070808483,1
Information Technology,8.221448098714937,50.23198924277048,88.65203692518945,39.63411563555876,1,0,1,52.56981548996324,0
Computer Science,5.76737422063975,64.91067936180906,58.30937012109825,37.41323177724028,2,0,2,68.55272651104737,0
Electronics,11.661770710614944,76.76004168966122,60.22167126202929,69.84751141212209,0,2,2,55.28423363478594,0
Information Technology,6.8393557806100995,62.1760799737054,65.36559978103139,85.69077255218663,1,1,0,46.146406414408006,0
Information Technology,6.035145088903009,82.89669418776542,38.43125801852002,36.661849080824666,1,5,2,69.49382448970009,1
Computer Science,6.890231762823227,80.32273089172796,72.0711761262632,72.3384152630692,0,1,0,53.51396229359594,0
Computer Science,7.3226636174190345,78.78372281987494,41.70806944073461,75.45799171931046,1,1,0,61.50996017998806,0
Computer Science,6.956101909172384,58.10514841590505,70.79588969398928,27.935111293538235,0,2,1,80.42726469799344,0
Information Technology,9.242961041364895,48.80236328327769,82.97934634202875,,2,0,1,78.22426207590753,1
Computer Science,7.892093717522784,55.796185919558084,,80.77890583715923,1,1,1,48.99813416287847,1
Computer Science,7.860569231532994,67.94361411000081,95.15673805280306,59.387859681391554,2,1,1,69.72063204574172,1
Electronics,8.246648572852083,73.18680070298534,48.092486508722686,87.54223452136415,0,2,1,37.44287507708488,0
Electronics,6.133400258663077,32.42642892859329,87.86891022447749,85.4562003378472,1,2,1,69.00828322631409,0
Information Technology,8.746934144904323,64.87830197582375,80.12705584610381,66.85612266290968,0,1,2,62.96990611602211,1
Computer Science,7.409082856157448,67.37133837984777,44.25950127533967,56.8739829741512,1,0,0,67.57958724726862,1
Mechanical,8.304576740689456,60.836836155266724,100.0,47.48909793350677,1,1,1,54.051104907115345,0
Computer Science,6.213771320351814,84.36910758523818,69.04382071744051,64.32385683140856,1,3,1,100.0,1
Computer Science,5.6354894807807225,71.32670111376306,56.837739667665524,75.25566055467522,1,2,2,41.974005847593716,0
Computer Science,8.481467589630034,84.65287862121346,48.893692078239745,59.164816501268454,2,2,1,79.43103421936922,1
Mechanical,7.95169143131702,61.760592194746515,66.69972958510489,25.444981905283463,0,3,0,39.366033604633365,0
Computer Science,6.417538134770988,79.06216238760388,68.08889691415061,87.83685010237826,2,2,1,70.08688349258642,1
Information Technology,6.456404302470367,89.5259959179128,71.53968292809496,68.42401799320808,1,1,0,71.51579954503565,1
Electronics,8.850521741297722,84.67540173908992,65.53305765664061,58.16675905981699,0,3,2,61.09951743124571,1
Mechanical,6.072705728559207,48.617876098569006,79.49837965172641,80.42885099161919,0,1,1,50.09351178912592,0
Information Technology,9.471207543907155,61.194858836864285,64.18555251005131,92.4434947366896,0,2,1,62.82269781490598,0
Computer Science,6.419255118422558,59.82252941825305,40.97553824139293,14.565591749217951,1,0,2,65.34020666860349,0
Mechanical,8.26607031073006,72.33881802614492,67.75957756525538,72.81674569859729,3,0,0,95.79872972612566,1
Computer Science,7.105657829101219,75.295303325218,34.48783519940083,39.32031420541375,1,5,0,42.55319429399408,0
Electronics,8.223824917298812,52.41660988961396,75.30655946337085,73.98398912238095,0,1,1,48.881730073719964,0
Computer Science,6.847063197462969,66.01757770875406,55.31049654576047,67.30268964274242,1,3,1,65.69471114138672,1
Electronics,7.304648512713247,34.701090017657954,72.450405323737,76.4430774759299,3,4,1,54.87892419209496,0
Computer Science,7.549103010474865,86.62917508702834,89.71112472286906,56.013542939096205,1,1,0,57.999179245388,0
Computer Science,6.2973750530622326,57.314386389849595,55.76876957098,31.28167798725526,1,0,3,81.40703670727521,0
Computer Science,8.38898921450415,65.83795909766745,85.91884387768177,56.893372557379976,1,1,2,3.594669931415302,0
Computer Science,6.884143720234098,60.35525429017909,63.4991564997077,72.3232574325161,0,3,2,48.04101309964378,0
Information Technology,7.225680101591978,,96.29792203098378,83.27706191615403,1,0,2,25.152615474975015,0
Electronics,6.306780750469786,22.437403379039317,64.5227108020268,43.907036591494546,1,1,1,36.08367126191859,0
Mechanical,4.425199609445627,64.75084486511136,57.39260521739963,83.48708768371432,0,0,3,100.0,1
Computer Science,7.270766684879797,63.41271863753453,80.30857675592932,53.338298786362614,1,2,0,71.96336267905512,1
Computer Science,10.0,58.195454186124756,63.46315405564546,71.52409786870147,0,1,3,79.03129850116208,0
Mechanical,8.441525145477629,90.89339818453449,57.37825728806487,55.82190884841861,1,2,1,58.38940700427137,1
Electronics,7.476887544318727,51.69005811716343,62.832402239443134,68.27907129881783,0,0,3,75.1742764966382,0
Information Technology,7.184531004950079,76.57694265853492,69.33090201725499,81.05379742226495,0,1,0,24.668709849595018,0
Information Technology,7.526959071374455,70.34379183059126,90.1327019686728,42.913746608806356,0,1,1,80.76596823539202,1
Computer Science,8.156542938210253,83.92278878803273,40.988683818106345,52.76169385855703,1,1,1,43.603117628802,1
Computer Science,6.083024621629386,54.99216372833742,70.34620988425631,68.32932657215756,1,1,1,49.37368361348174,0
Computer Science,8.837186033602647,54.00546651314362,79.37355391981065,100.0,0,1,1,70.10302140909305,0
Information Technology,8.358457578529492,81.44104861216098,72.90172862487694,49.462585180997095,0,0,2,66.3289351716443,1
Information Technology,8.36182287084952,71.37981962495165,89.64797754150301,100.0,2,2,0,61.692400967870974,1
Computer Science,8.026170886571673,41.82593979984862,68.88482005362214,100.0,1,2,1,32.738076928393625,0
Electronics,7.523539989232788,56.91042478305094,67.23172836721083,63.248399287371356,0,2,2,61.99627337643284,1
Mechanical,8.307433483160183,70.79573980772092,78.88494320520014,59.6332545284018,0,1,1,79.21122706966457,1
Electronics,8.210176960489653,77.56646332319883,71.48970722427025,52.54282642403555,0,5,1,49.35025807800412,0
Computer Science,7.0751511468707715,54.811540202105675,,63.77235445401195,0,5,0,86.29874090680592,1
Computer Science,6.811677872523719,21.286160152745882,77.74216059379569,39.67905021392796,0,0,0,42.54616128171981,0
Electronics,7.622227554314384,72.8483477860555,60.21207560175033,63.62769768822924,0,0,0,60.13095783436748,0
Information Technology,9.358824181794224,46.69518965084036,60.8323427197101,91.94384492931542,0,2,4,90.70655466753226,0
Electronics,6.013071509215319,34.73991802816383,62.08008967351579,54.00046887541909,0,2,0,46.37200174600781,0
Computer Science,5.738969681097072,22.515111125237887,90.29603740249611,60.66696252819709,0,3,2,81.07970966754148,0
Electronics,7.69771300948382,77.20971290296612,21.6847546602143,34.379471463189645,1,2,0,99.49304724443618,1
Information Technology,7.5610652422272215,66.9292617560745,75.93398252144414,71.73311758635879,1,0,1,63.420881378483,1
Computer Science,7.70800999724449,61.61515428931622,70.51407721300333,69.76067032912474,0,1,0,49.45966025233386,0
Information Technology,7.7927438374902005,85.83536544444142,44.786943111428194,66.14664247578388,0,1,0,44.54522394099953,0
Information Technology,7.232157294438234,74.55987024534609,74.64590168704004,61.09711309600142,0,5,1,86.0920540669465,1
Information Technology,9.287836126322498,89.24450064082875,77.13627987747299,59.73035746209582,1,1,2,85.53388398679299,1
Computer Science,5.578915225828181,44.10896791749505,78.844588470361,74.03420420661209,0,3,3,88.9861824573735,0
Electronics,6.505803570263705,64.48174064069055,30.222579054325767,64.48130117140478,0,2,2,59.343232986881056,0
Computer Science,7.376094287821143,40.749299375779785,90.49584117781657,70.66949368799598,1,4,0,80.7561388305421,1
Mechanical,5.528173426615,61.55926502216799,58.933949429727384,68.86969071418186,1,1,1,59.0232121774786,0
Mechanical,7.2889747146815145,61.27076219349984,80.29851620129764,85.22169116772372,2,2,1,42.33889756783282,0
Computer Science,9.493764198873622,74.39920455894605,81.11610671023429,77.18589375275097,2,0,0,82.48353570224705,1
Information Technology,7.525063785955155,65.68345821712848,56.8495437157106,68.47151317670343,0,0,0,92.67740556556409,0
Computer Science,7.7768410868624205,74.35110707419874,79.90689928527325,92.33159655173924,2,1,1,39.5879605443736,0
Information Technology,5.987802281792904,75.55160199708341,64.21760138631463,72.56483352301811,1,2,0,39.2113807419866,0
Electronics,6.7603663103526275,97.32393016074712,38.929342309927634,88.48932839822754,0,2,0,60.79963868460249,1
Information Technology,7.049764343611276,60.270550170708134,87.51612888291669,75.92496695095949,1,3,2,79.12257211482,0
Computer Science,7.118741883892519,50.88465949000432,58.3743255547564,31.845456579232227,3,3,0,37.32361612492093,0
Computer Science,9.037972554004522,68.69125422974614,57.18259805892919,88.48702573974793,0,3,1,64.54031473911812,1
Computer Science,8.16922927287015,52.96579959290685,63.95401197944917,67.43317234416804,0,1,0,48.191460918804964,0
Information Technology,6.166250451675562,87.22941152654803,74.08355087991082,64.064814123786,1,1,1,74.01658199650004,1
Mechanical,7.795805734118406,60.751729415821515,69.14094383766846,70.06427025481239,0,0,1,44.04226357008219,0
Information Technology,8.097866098196143,56.51635448189015,78.22100387060756,58.79030308477279,2,1,0,75.43606000548358,1
Electronics,8.86817884622552,57.93026418273323,49.90765950207012,69.08651948700101,1,5,0,56.83570378364583,0
Computer Science,9.396648823882048,75.77626135207461,58.86420444353898,54.346230805824334,1,1,2,41.25718952637914,0
Information Technology,6.281886969806558,62.63379525152772,68.260043915177,87.93690065721866,2,2,2,61.27379910853777,0
Computer Science,6.526970986547594,55.37499769804427,98.46830938988059,62.9554139548211,1,0,1,21.240533710232945,0
Mechanical,5.99090656930246,89.98027876435296,68.29281192379364,58.1134908309962,0,1,0,48.818108557901205,0
Computer Science,7.2191761690716225,52.15745239007375,86.27833395492448,48.35133531705307,0,2,0,66.74802140649324,1
Information Technology,8.0596300493356,65.53349111049491,70.57832753176477,69.83796420467554,0,1,2,24.564904419362094,0
Electronics,8.684801419906922,74.78459227415345,62.74512043843647,68.36792780225166,2,2,1,8.577262937891774,0
Information Technology,7.408858771628973,40.529973343743904,66.2991336382834,71.99164304619512,1,1,2,13.212653603736655,0
Computer Science,7.116182972094188,72.20390752108888,67.47370431956678,46.50946602490768,2,0,1,86.5425711100074,0
Information Technology,7.682109590698489,49.17338486779326,79.05468608441107,36.178738421391685,2,3,1,58.46481974474541,0
Information Technology,6.497828518043972,77.34174171251004,90.61916901364832,76.26064344511808,2,0,0,49.350692119856255,0
Mechanical,10.0,50.56023482121535,75.39521271529482,91.72355351377713,2,2,2,78.9030947133366,1
Information Technology,5.57080676745833,,87.80616518112633,46.52563479698187,0,3,1,51.91100635061778,0
Computer Science,7.721688694674869,81.58749599442069,55.52815393555472,93.60994310411057,0,5,1,65.36923799733464,0
Computer Science,9.928327463075567,77.92154788449207,63.780542367789536,70.11039905725485,2,4,3,60.51510701846526,1
Information Technology,7.508159813471997,68.76974972357154,59.135461986885,64.87286771808506,3,3,2,50.58001158494044,1
Mechanical,7.271953157998206,61.530485856054504,74.71666886312279,57.84412346217599,1,1,3,65.88291767778212,0
Information Technology,7.071065492627487,56.35370635497734,64.6156242223088,40.078675650350064,1,1,1,75.46522442840289,0
Computer Science,7.283529981885111,87.06552036225656,80.94659405551293,82.7791132866428,1,1,1,56.301867659660246,1
Electronics,9.147418169611836,54.50757169748535,56.034974325513375,51.03908549412314,1,0,2,50.788888536907706,0
Computer Science,4.845765706404592,49.44400889645006,70.64546459981922,50.963479836723195,0,1,0,53.149751840010936,0
Computer Science,9.340120441555591,74.98053402549245,80.30286866518384,82.85467357796519,0,3,1,14.041749344285366,0
Computer Science,5.791251417059826,53.05794795220257,39.02045837439084,31.10629795990892,0,3,1,65.66119093017824,0
Electronics,7.180017204918702,50.74904753800809,100.0,37.575239407973,0,0,0,35.81777422022897,0
Mechanical,6.984906695641606,43.34593606745353,65.75272172680187,,2,1,0,72.59437448237848,1
Computer Science,8.206263923724864,57.75635240809223,39.62440129485741,70.27911972208734,1,2,1,58.19151798649412,0
Information Technology,5.582250777739503,63.7592746415526,,73.72522366344063,0,4,3,62.10242193060881,0
Information Technology,8.054607199298331,68.64637591491048,70.50165201959726,59.56762711886745,1,2,2,74.00658341212404,0
Information Technology,9.929171547944224,79.26959366449225,68.7715843064126,100.0,1,1,2,41.469524673181304,1
Computer Science,5.864191194488628,72.90346885498691,84.8678666939,60.89793394221498,3,1,1,67.38496886701914,1
Computer Science,7.727647401132475,62.1369167067023,81.21167457140584,60.845849262151,1,2,1,65.3524210512533,0
Information Technology,6.7056213866440695,62.0270648543042,74.46814286535768,50.6542399613502,1,1,0,56.30438334714413,0
Electronics,8.011064647431644,72.65236203372775,76.75233450919971,67.23032269737928,1,4,1,41.436275984729235,0
Computer Science,7.522977332898902,84.08855244392855,68.4346232584287,76.06930217684194,1,1,0,71.90476728110329,1
Computer Science,6.730215709146829,,96.63236273860072,86.66440498160227,0,1,2,74.06909088838631,1
Computer Science,8.085446741845288,57.96303718684386,47.8120597246335,38.19288324007608,1,1,1,62.27204051955768,0
Information Technology,9.665217731744091,50.10700998371682,72.09477511323846,60.57208390959739,0,2,2,38.593951685707104,0
Computer Science,7.270915449927242,43.321921033816615,70.9753694678317,73.0406649945646,0,1,1,49.45101934149092,0
Electronics,12.464028755357685,74.99404508065285,82.1992060909689,75.56703562270164,0,2,1,58.79334555159867,1
Information Technology,5.948072450554603,73.66967785459336,57.34219183862651,,3,2,0,73.76989099964187,1
Information Technology,6.35227634781839,73.66045287659992,43.844910964051955,74.76363145157784,1,1,1,28.33021197773767,0
Computer Science,8.066887533456454,63.07010830471916,72.3523452414729,50.43864992733559,1,0,0,48.723930713912466,0
Computer Science,9.280939234243158,86.10402118837627,74.21845738327906,93.04229778173043,1,1,2,51.946548801155956,1
Computer Science,7.926736018542792,57.73822258122773,92.34399114171474,82.86730585362973,0,1,1,58.33556841193941,0
Mechanical,7.124330363372215,79.32903855810808,50.94456930512371,40.791299832826894,0,3,0,33.97349431950306,0
Computer Science,7.499149686508025,64.41885657515685,87.3204065007508,45.648145133898396,1,0,0,55.64934443253333,0
Computer Science,5.999510719236339,55.87473852980994,100.0,46.15540849807569,0,2,0,53.7903287137482,0
Computer Science,8.225418391626441,73.88795460976642,64.33352668716284,77.20345947613751,0,1,0,39.248162570206865,0
Electronics,8.55879967478809,71.1445417802599,50.635866707601636,41.87490020448559,1,1,2,57.64064831662632,0
Computer Science,6.957491600600304,70.35459138900389,63.89538450439943,59.04156198425455,0,4,2,49.176618064289954,0
Computer Science,6.935949422688598,66.21917633084298,70.2100745105707,73.18467913550194,0,5,0,69.91172285019414,1
Information Technology,7.819053875582458,64.43160377424753,78.45681812510372,63.80901317816418,2,0,0,42.29344877991323,0
Information Technology,6.975936316751286,100.0,61.12907905242929,69.65997528282871,1,1,1,61.7966824425691,1
Computer Science,7.420640862449013,82.76384967794259,93.32797801221012,45.81555119572235,3,0,2,43.83222325541464,1
Information Technology,10.0,75.84240342478269,53.28201527487907,75.7073787211504,0,2,1,48.00491523682375,1
Computer Science,7.203569159104804,66.67698737305082,43.911922717408,53.96218593543206,0,1,0,65.94583255410811,0
Computer Science,7.069991817574533,80.10735800895004,86.60065636430976,59.15684586083706,0,0,1,64.69435465684312,0
Information Technology,6.722949833237808,72.76992164587178,35.88068453190701,69.27917110230776,0,1,0,51.659556348432794,0
Electronics,8.393030365799923,65.39307129161054,66.93805346690925,66.85540798755527,0,3,1,54.611787633346644,0
Mechanical,7.282530992138277,60.44653512101128,,65.43164034228067,2,1,1,30.92787109780952,0
Mechanical,6.720752354014289,,69.81934670560102,51.4887172044184,1,1,2,88.055286211614,0
Computer Science,9.085564838727615,17.443613961829165,53.18848523955626,59.60811059841454,0,1,1,73.74912795756056,0
Electronics,9.203523605416365,68.15901258946462,69.1390380431981,65.03930463506664,0,2,2,73.02896101742213,1
Information Technology,6.779491721113554,57.672858798344606,69.237988170707,40.24846580299247,1,3,1,28.099355660875695,0
Information Technology,5.260152058367261,88.89004997424325,72.40974910529675,56.674406606359184,2,1,1,48.090200150214265,1
Computer Science,8.709016427804306,65.29016106217631,79.9339447323943,71.97823782259124,0,1,0,53.30907942152754,0
Computer Science,6.678444209087996,47.16554870697557,54.41333247448391,42.00614113078384,2,1,0,21.378770159319753,0
Mechanical,8.448750718995322,64.25179768807824,95.3132208285519,85.81846972869631,0,2,4,77.79900192152174,1
Information Technology,5.135875418745798,49.30818372406244,73.67671426558927,87.85303872679717,1,1,1,89.07768977096272,0
Computer Science,8.571116805959171,72.101111235687,80.90191069602706,42.58728963271846,3,2,0,100.0,1
Electronics,6.046593684863063,69.36421046509228,60.57775900366536,89.43715339490251,1,1,1,39.08232344964527,0
Information Technology,8.376916942879829,79.36759446662401,89.295732054933,62.41553140318158,0,0,1,62.34646993668547,0
Information Technology,7.517127681403721,53.13677312458152,66.14421386780403,72.53326206482699,0,1,1,86.45636538300843,0
Information Technology,6.355272696724026,65.51012144342221,74.16328770240298,56.06028106169156,2,0,0,54.927630421060925,0
Information Technology,7.011556424487863,44.52467306860047,56.00340884219336,81.61480689008171,1,1,1,48.66024172314644,0
Mechanical,8.323582148348041,75.52242172887071,55.0460256039681,72.30969233927601,0,3,3,22.679646529110183,0
Information Technology,7.627073343738281,72.78306770660183,80.32307959679324,50.345241381243135,0,2,1,82.65244915543498,1
Information Technology,8.20129557656698,72.43707531541357,63.34589754688921,44.02636400062481,1,3,0,59.6147848785327,0
Information Technology,9.871728701418583,65.02428547035412,57.192653687434344,38.71455616623399,1,2,1,45.413162820738755,0
Information Technology,5.622910065946739,71.22159336183186,60.352249869594544,68.38295197578961,0,2,2,65.67714579657721,0
Electronics,9.440655089962348,89.06508662462895,80.48429607576132,75.30448541203525,1,2,1,63.060107463573296,1
Computer Science,7.625227125027855,60.72358614436979,60.56443208194584,76.71738221802994,2,2,2,63.36518204709183,1
Information Technology,6.421459142012246,67.07967775565126,68.23517602596753,62.8763402970672,1,0,0,55.65803875346649,0
Information Technology,5.903623649113213,48.708105512278856,70.22541625430645,44.17406379804145,0,0,0,92.4471631752673,1
Computer Science,7.27305553106756,51.976085576025014,41.23976670984552,52.72265363557191,1,2,3,57.326805334751555,0
Electronics,8.605980134309352,66.46719939639961,47.93310391939723,85.74227550131467,0,1,2,92.3864415264661,1
Computer Science,7.346941055546959,81.55900320052861,75.04416833871343,56.276685837198535,1,0,1,71.28233852800395,0
Information Technology,9.313385916296816,61.155787636226414,58.944559582709545,67.58151735226657,0,1,1,67.02340285523462,1
Mechanical,5.758589171938129,61.46125206031814,85.85087366920628,45.638291295652024,3,1,2,57.73450493443689,0
Computer Science,7.485493262584734,58.89672133243438,84.50210656375816,71.05849481826263,1,2,0,79.47913387091842,1
Computer Science,5.997127866704258,56.978649937335156,,56.7616778897766,2,3,4,62.25983535155991,0
Computer Science,7.936358259149961,69.42457183563232,97.29657680968896,83.84082884796375,1,3,0,41.35737569772937,0
Mechanical,8.56426486811676,,68.75366008385225,78.92403871172264,0,3,1,40.69015618003929,0
Computer Science,6.995085847582736,84.21409365000092,79.73322888855759,56.07729296165181,0,0,1,68.44969243868545,1
Computer Science,4.374943372047439,55.018665528058094,61.23398535105953,62.72004750774206,0,1,2,41.852422296670085,0
Computer Science,7.738737776155793,75.82855228157212,100.0,55.07990767926868,0,3,2,58.75537886055001,1
Electronics,8.02408626208021,45.950021039091865,99.7545047865403,39.45020246218982,0,2,1,81.14369077102182,1
Electronics,7.985153705954037,75.03260195819327,70.17820651776688,49.5660362681501,2,0,0,66.07940355788668,1
Computer Science,8.982938630186585,75.07916911721746,75.79879344857788,68.56791189897476,1,2,0,45.55730259342505,1
Mechanical,6.214735584421142,70.76303108008845,90.38946399047208,70.85467096813247,0,2,2,88.19975023232278,1
Computer Science,8.31625932654054,50.08357217300312,67.79290742778839,67.6738622646675,1,1,1,70.95750473989403,0
Computer Science,8.93100901497357,68.74322284397115,60.15063893800443,59.568805028744556,1,2,2,80.35585974408178,1
Computer Science,5.36569489919218,47.25415722898416,83.10984626510324,81.79519890297773,0,2,0,14.64883313581395,0
Information Technology,7.883582191102772,61.20855117355722,71.17658869125505,66.14375428209688,3,0,3,66.61705756525492,1
Information Technology,6.894984202790794,80.44119651432989,72.7449167446789,77.65856890572705,2,0,1,76.84315672759787,1
Mechanical,7.402172792278025,76.95052890606114,57.485929853980515,33.07204762035467,2,3,1,94.00577284595984,1
Information Technology,7.917211780246004,65.2277441381065,44.234917774549054,0.0,1,3,0,30.723628316979166,0
Electronics,6.915325723063737,50.37790136115737,73.54213614818651,70.10818450108545,1,2,2,84.12229178389066,1
Computer Science,6.6891503050060654,,83.57443062241299,39.35421823301319,0,0,1,92.88760571402489,1
Electronics,7.54098290098563,65.29071856547039,66.61289876385938,61.17586935116499,1,0,3,19.654220454420415,0
Computer Science,6.195304873364637,30.19526602654365,91.54644279338301,59.562253261557096,2,1,2,69.57182219739485,0
Computer Science,6.197009845337777,76.73944739474777,59.44125511876683,93.57321084347967,1,1,2,72.35241628681403,1
Computer Science,8.315247939547804,64.63650749195462,54.1794331755112,72.19993795298491,1,2,2,53.45984674696188,0
Computer Science,6.121447157809612,83.03676871974608,68.99154539205803,67.98546248237611,2,0,3,50.19811079867421,0
Mechanical,8.299575001091053,48.57094221735793,68.76111136973064,80.06584078340613,0,0,1,73.35707826575644,0
Information Technology,8.055109551424742,17.34944280205999,81.54953097002834,71.6329565631027,1,2,2,47.70036493178736,0
Computer Science,5.429031925451284,69.18625787517777,58.37555763904023,56.76181412620821,1,3,3,55.65501343163804,0
Computer Science,6.686922417197214,69.37345515022959,90.52141355222346,84.28656674458207,0,1,2,76.24869801647843,1
Electronics,8.932931283656847,39.63992558590322,99.50375443762381,45.02449769801106,1,3,1,95.08086100653729,1
Information Technology,6.3226013626323825,50.3225068120009,69.41283959547488,70.81844937560412,1,3,0,70.75968545084037,0
Information Technology,6.942714885228735,100.0,88.74565630276477,37.1437437055464,3,2,1,62.66968990829023,1
Mechanical,8.054473071902276,,54.1525439406211,68.67098943528791,1,3,2,49.67205030678459,0
Mechanical,8.440068611139115,75.96438464564325,86.12832311772874,68.47381355191273,2,1,0,39.78799918697887,0
Electronics,7.198153336746605,55.24010258947424,85.70914612839194,95.17618931446393,0,3,1,82.19156483001899,1
Information Technology,6.78298776637003,33.645456517202646,82.95155920284817,36.83046991804797,0,4,1,56.931002977462306,0
Computer Science,9.206843834038208,62.446126298061415,69.76655366694558,54.18403083463137,0,2,1,83.01406549333457,1
Electronics,9.586679596557095,,25.686265881369533,79.80828367833459,0,3,1,53.40896244009077,0
Electronics,8.674629660938155,59.00182641997443,60.37409284521806,71.03571061515154,1,1,2,47.01422677277977,0
Electronics,7.602381771078029,63.28038746740411,60.61125973473097,68.24549092407506,1,2,0,68.41597777655032,1
Information Technology,6.530081134030889,68.96402407468454,55.32617592909284,47.78955734674629,3,1,1,58.469281214632,0
Information Technology,6.503466712132122,62.7482457311929,71.833645068206,54.36526973435427,0,0,0,35.88942790778525,0
Electronics,8.127016926318909,46.039907480789545,63.71554831718148,87.41073814801862,2,0,1,96.34736659563696,1
Electronics,8.00207786506642,,57.63081985352467,64.0728345124293,0,2,0,47.46032452456725,0
Computer Science,9.181918311535716,35.75942367016365,54.11799777628271,71.75647453060051,0,0,4,78.55183042348428,0
Information Technology,8.280540111043367,34.244638140736996,59.26730521772157,62.92661008202338,0,2,0,76.83713258792963,0
Computer Science,5.696303637888218,76.08770742052351,86.82248817774892,,0,1,1,34.81074470171286,0
Electronics,8.762337141267503,72.60530408203036,60.08462418058759,81.80858766934993,2,1,0,39.95224710767031,1
Computer Science,6.3023272472227045,64.13906952388946,62.275919403500914,74.05818292158493,3,2,1,53.96981320599744,1
Mechanical,7.039234473657178,44.06827242867392,63.149535774651305,100.0,2,0,4,42.68706910843367,0
Computer Science,7.800240247502034,54.381335889888874,75.0849027071413,46.719535166290186,2,3,1,94.52912743757376,1
Computer Science,9.894800987740757,61.05879878470244,,79.80631258160865,0,2,1,55.99648726402977,1
Computer Science,10.0,41.0615904713883,24.330151911352566,41.39220861133398,1,3,2,77.79498085628137,1
Mechanical,12.834721115553108,53.91457012965151,85.32452820741412,67.83223821811539,0,1,0,70.27274778000408,1
Information Technology,7.280164057535535,74.78495507265019,91.54552051365631,82.57711860313697,0,1,0,65.28044897992706,1
Computer Science,8.14140677817666,86.40958046433825,54.24720193957496,27.701567910263236,1,2,1,60.806424214791754,0
Computer Science,8.565186511048603,58.70847871012174,55.41552632897748,61.31121546365106,0,0,2,84.74261415577394,0
Computer Science,7.11519884933137,76.34732531474148,63.24619918332593,54.86222478723283,1,2,1,43.49814053329966,0
Computer Science,9.654253627094787,36.28909894118799,58.65993970815093,52.364768630687806,0,0,1,115.99429979333844,0
Information Technology,7.776084911029683,74.89176861670417,73.35890310919909,71.93382774066838,1,0,1,34.2555363899181,0
Computer Science,8.097291706909672,52.940773779087785,40.80212070461704,85.17234271560672,1,1,0,75.63023451244848,0
Information Technology,8.299109102465353,69.61018425061955,53.231085879448905,62.6009831258752,0,1,0,31.896722801204348,0
Computer Science,8.005903932737347,61.28371372640436,93.08795800262361,68.69875569608035,1,0,1,53.685888955460804,0
Electronics,8.506728600563536,84.80621014675751,56.07670048977973,67.05755755506647,0,0,2,61.86619876121934,1
Computer Science,6.759296176143692,51.883465274901226,88.65142417154388,65.03246311441545,2,1,1,50.266093023409724,0
Information Technology,6.830037895264764,74.41409446342746,75.33007293385205,45.39183252118209,0,1,2,56.36660860766218,0
Electronics,6.179814920433966,60.807388050552,42.86098428117612,84.95200283101207,1,2,0,32.26059104138413,0
Computer Science,8.027401476744272,62.625417829855046,79.5299379282431,70.31351662685906,0,3,0,40.25099062552897,0
Computer Science,8.434723804214537,62.242191602611854,68.2349904671072,72.1078668200464,3,1,1,69.96529414391765,1
Computer Science,8.049327439382264,52.31490343258831,63.16799415625389,50.48282667753952,1,3,0,60.5934364995489,1
Electronics,9.509390920017045,64.78851551139992,73.67435639758006,56.73403283619367,2,2,0,46.189439483569856,0
Computer Science,7.493284777405144,64.06027666817268,77.11950228350189,61.82958444120599,0,1,1,86.48555526259342,1
Information Technology,8.302489986711015,68.61860372610094,80.6138773296193,37.38575551792067,1,2,2,35.601382000195684,1
Electronics,6.189958948632823,66.26757718539294,87.67379271322004,34.61538214644179,3,1,1,52.768190682718746,0
Information Technology,7.0354803570307185,76.96991824418355,76.12203869167534,54.18653724850578,0,0,1,49.88687443643057,0
Information Technology,8.334645309078933,78.85262924071053,49.36548866820457,74.40537379596303,1,0,2,72.30075255522088,1
Computer Science,8.518922532891773,49.24065017258298,62.89531813523213,53.24352698126106,0,2,2,60.963273822743886,0
Electronics,7.147239662802981,78.03158750886156,100.0,46.66150644336716,0,1,0,57.836695069308064,0
Information Technology,7.41408089777032,47.20495359335219,80.86736590572592,50.33565824172194,0,1,0,115.97934090486248,0
Information Technology,5.678551503983028,73.81783832206602,100.0,56.80383638338437,0,1,1,77.30068961264186,0
Electronics,14.571618576488795,74.29608177054303,90.93151123298777,58.630538669238135,0,3,0,55.64348370336526,0
Information Technology,8.568459796223744,36.330246625062436,73.62703107333623,100.0,2,2,1,62.3132203522084,0
Information Technology,8.19024601932788,66.39468869794115,74.52110604671677,83.98317131277173,0,0,0,45.02873559812245,0
Information Technology,8.10079886565745,57.97255829959526,69.45129940184731,83.44593402107111,1,0,0,41.883424743658544,1
Mechanical,7.559728424617152,53.61852113096938,43.932930762302504,86.03444655692087,1,3,0,89.98575516951374,1
Information Technology,7.5084757903538115,85.26278496048508,70.27070878702337,47.02122435198711,1,2,2,24.535228434751744,1
Electronics,6.707614632631864,55.19481289043872,88.16011828813296,42.997436930229696,1,2,4,38.91601944434456,0
Information Technology,8.338594104243041,52.904346063229255,61.00540007768195,45.07633475238698,0,2,1,89.60984305338161,1
Information Technology,8.005167533267267,66.1354241000764,76.17929498592714,89.02111040008108,0,1,0,72.81492761997308,0
Computer Science,8.09042261759136,,82.77386568839796,55.15054780011516,0,3,2,53.49074936515161,0
Information Technology,6.868758188798903,62.875271209848094,56.354793410312865,42.47558871969284,1,1,2,84.93192628577306,1
Computer Science,4.915988496154507,82.49555818503879,63.23045703484503,57.242068396043365,1,1,2,68.93720232792018,0
Information Technology,8.816583254104435,72.96463492946135,54.731327642842615,60.70510042913671,1,0,0,64.65320183948839,1
Computer Science,6.925395052789915,32.326830204028546,57.667515899658895,69.83143892650212,2,1,0,64.51124034204835,0
Information Technology,6.464669083148255,57.057995547394874,50.68592074520408,69.51711837281677,0,4,1,69.30476434428988,0
Computer Science,8.332174694296793,56.57236850972452,56.4932730793296,50.09274985027685,1,2,1,70.11385002594906,1
Electronics,7.029584832097044,72.19041430144134,91.29183521196758,77.34181506524679,0,1,1,100.0,1
Computer Science,8.771923660855947,25.627744154388317,56.26784456364561,53.494516392497154,2,0,2,56.10214376654656,0
Mechanical,8.240407139492037,100.0,71.89688828591035,62.18702593930922,0,0,5,56.71905623703593,1
Information Technology,8.320283187840573,72.96539142341315,62.45696869493566,77.36193326906039,0,4,0,35.26213624858572,0
Electronics,5.860853146559359,67.23315205876537,87.68298905555409,53.44721472900186,2,2,3,58.962052263579636,0
Computer Science,8.95433278246368,82.72351574628719,89.66743444905424,54.75167437553952,0,1,1,97.25773799089637,1
Information Technology,7.813500637480627,100.0,82.9610497320842,75.65002489447636,0,0,1,79.68970004869313,1
Information Technology,7.056867432904556,78.06119966882605,74.59201829654133,49.56080282110965,0,3,1,49.12664512249344,1
Computer Science,7.672066160810702,79.2321964470743,66.53410694738652,58.07374357512673,2,2,1,60.6008272904257,1
Information Technology,5.368517720522016,66.96035036696574,52.121879437131255,75.00335920477207,0,3,3,34.071232488300105,0
Computer Science,7.990383373776805,62.87711369949577,99.15293321683296,100.0,1,3,0,40.61761311403387,1
Information Technology,6.264754190181514,57.863068339926485,58.6049047337117,75.89728108572945,3,4,1,62.98882305227435,1
Computer Science,5.876795656987759,52.60832012428187,79.95469520549263,73.50751573382021,0,1,0,50.110907943590945,0
Computer Science,5.6731689765385305,54.69478850450754,85.89348358935096,74.55442850610913,1,1,2,39.10800421243164,0
Computer Science,8.83522604998791,44.74166053485525,61.67079254642006,45.68257506679311,0,1,0,69.79681529475785,0
Electronics,6.744883927568654,63.86192823972465,85.57018790973943,67.08074129623834,3,1,2,58.35499826693352,0
Information Technology,9.340473251899798,39.729986341604196,81.46319805008282,64.46420320994477,2,0,0,28.648992566179214,0
Electronics,6.857038244337243,67.86374786215566,95.91945753072648,70.7885217267096,1,1,1,18.49706067664424,0
Mechanical,5.451170450888464,64.45504087936487,62.95980300359933,67.09714494456567,0,0,2,48.59977002851492,0
Computer Science,6.160170672061609,67.20402947580031,50.71203974080428,71.83459419350802,0,3,2,28.23469713116944,0
Computer Science,8.982973944008327,57.168026449700115,62.417653668332335,59.39359049181437,2,1,2,22.621771870586915,0
Electronics,7.312922186475999,100.0,73.13280313801498,66.05496051269228,0,2,1,82.5793840280417,1
Information Technology,6.842055244211279,85.40173850270469,70.87319090627585,42.89908581097414,0,0,0,58.04578220269414,0
Electronics,7.6920218710233454,46.33186249872916,64.09843155588175,59.24166899594755,0,0,2,54.691072435489936,0
Information Technology,8.102139283401055,68.49302131140347,41.362038115341356,90.03500386717958,1,1,1,56.23188367698502,0
Information Technology,8.840878579082952,55.87990785594015,77.0572449419366,70.7385501133086,0,1,0,37.243356984140604,1
Computer Science,9.238199075871512,49.78280409938879,99.585167186233,64.62342132710462,2,1,0,68.21952330028337,1
Computer Science,7.068277625053097,44.898918933140976,76.96376857184505,99.13021897257823,0,1,0,57.38599346534919,0
Information Technology,5.908742776701554,,79.1370327858027,40.504970390580574,0,2,1,44.851826880411764,0
Computer Science,7.003841806652069,54.77929647395639,78.58667959232653,45.02980000196804,1,5,2,47.8474263095,0
Computer Science,7.812336607899463,79.51739036037806,75.955700048236,95.8288054029729,0,0,4,35.45082573575409,0
Computer Science,6.343489288547267,79.90673321795659,83.97498950302142,65.8272968488808,2,2,0,51.87514254196331,1
Computer Science,6.351418902125949,85.60871577817174,75.93060521778499,60.633505346783714,0,1,2,55.20744238434972,0
Information Technology,7.912545457859863,52.214198508888444,65.30984245520087,43.41432214827842,1,3,2,51.35433341740072,0
Electronics,7.441617178115458,72.13048416038015,58.06016634986869,73.05853279511021,3,1,1,61.10309114683172,1
Electronics,7.539356394493904,74.48681324963451,66.26539517078987,74.80027765149433,0,1,3,58.42976590476488,0
Electronics,6.589805598359916,57.88732737344053,74.71194244675999,45.299101504971865,0,2,1,64.61537077329214,0
Information Technology,7.223519142953079,53.42342063910687,65.2587555831554,62.47503946009229,3,2,1,78.86194073843188,0
Information Technology,6.390920226878035,89.14280998663959,74.71508024697145,58.96071502340481,2,2,2,71.86046954426162,1
Mechanical,8.568238093349745,68.4124381359808,76.58725200550626,69.60758863553788,1,1,1,79.09179681020672,1
Computer Science,8.742299201668503,,82.49769146905273,44.85349564002841,0,3,1,43.04531540347542,1
Computer Science,5.284574565314287,52.66885982258109,89.2419245325847,87.53505418123683,1,4,1,49.82770211822685,0
Computer Science,6.384586967769108,46.710733002167096,71.17011127718287,81.48482806875688,0,1,1,73.07193367891935,0
Electronics,5.704164893891905,,50.38335152278509,58.46283994280931,3,4,1,73.42955342864173,1
Computer Science,6.719971278711722,63.139679189150044,,61.10446319050932,1,1,1,46.427587649262364,0
Information Technology,7.399874436251567,49.036699897739766,70.66093851109899,62.54440129500291,1,0,4,72.23167851563485,0
Electronics,5.760425736361764,64.85232787024425,42.46346865734364,50.99044604588294,2,3,1,41.12935766708116,0
Computer Science,6.393768224249625,39.6724221789725,90.82996780153724,57.018270471769355,2,2,2,69.62111448283588,0
Electronics,6.295251153502202,48.199288662951915,72.13566868765699,60.13513338185704,0,1,1,59.47407598268718,0
Computer Science,7.748720795278733,75.06366872415313,75.72029251870427,94.03163067272831,0,5,0,32.311287921873266,1
Electronics,7.5832132044435,74.05685780416842,90.48289693789398,82.03912954994786,0,1,0,51.31852356481186,1
Information Technology,6.633914935995296,,60.5478575478648,81.82378473205922,2,1,1,100.0,1
Computer Science,7.712185046567278,49.733535363845704,78.61062896326045,71.65866103407903,1,0,2,64.05560725609989,0
Computer Science,6.843983898495281,49.588946727109835,68.35203815347097,44.888113839237775,0,1,2,100.0,0
Computer Science,7.174013867608736,59.40097631088029,67.23869699476121,64.25316011760718,0,3,2,31.121469402499272,0
Information Technology,9.508142508358244,74.66777737467937,58.41711418293431,82.46879227304085,0,1,0,75.01483585327685,1
Computer Science,9.108553262148417,78.92368537016486,94.98404820529791,42.35123667138881,1,2,1,9.313276163857687,0
Information Technology,5.940502515686883,57.55202396777047,64.36749939886644,76.45795772371876,1,0,0,59.99529030170434,0
Electronics,8.49567890145501,47.697613610228245,80.49196370343553,100.0,3,0,2,72.62434755302642,0
Computer Science,8.473675865389911,69.017654567995,41.87488918792096,84.11269962781518,2,0,1,76.75780189992552,1
Electronics,6.122084053496858,52.64697544061226,87.6998279453468,90.45252444011577,0,0,0,44.01460550839174,0
Computer Science,8.482533172505832,57.226210417081965,85.78316733935588,68.93009750795889,3,3,0,80.78180843953473,1
Mechanical,9.345518302095064,84.87914135655556,71.46151165445954,82.42277507776981,0,3,0,49.325704799106106,1
Computer Science,6.152946232506704,77.40673142848652,66.59586300793113,52.07864214162736,0,2,2,56.71805497775207,0
Information Technology,6.398996614782884,67.36961468377177,76.00000008420349,79.32554862214208,1,0,2,51.33355561286732,0
Mechanical,8.721193760212202,45.921214983309156,100.0,76.77898641309373,0,2,0,37.27221298535337,0
Mechanical,7.825794372990778,68.17094851205988,43.551449516447725,70.21840113267793,2,3,3,91.39439174841718,1
Information Technology,8.161771530287428,80.93985936181289,81.73041081361191,88.68813355493297,0,1,2,114.84322774438897,0
Computer Science,7.908707059680596,59.36549501351696,56.32574046769146,55.301872918747,1,2,1,81.74636757317256,0
Electronics,7.968835105113773,85.26671134980073,69.70122405550403,61.63296470347408,1,5,0,80.89422483529201,1
Information Technology,5.9082334460267,84.3911793427731,66.28179821382005,66.71831674444934,3,3,0,40.64119571454034,1
Computer Science,8.756781247945739,89.9559924821521,63.57522613303367,46.46700252039079,1,4,4,84.32254495343203,1
Electronics,8.903507990913328,69.57864689797029,69.84302306420906,69.08477498840446,0,0,3,70.06828487098645,0
Electronics,7.224731107118367,73.81087549709018,52.98743282083314,34.05925256683076,1,3,1,39.181962710542216,0
Information Technology,7.447827660223365,86.21280932496634,85.43770654191951,83.84518161970776,1,0,3,68.97701662683009,1
Information Technology,5.662670996933133,71.71090905603464,43.08784733202099,65.83947259818738,0,1,0,39.540642302638645,0
Computer Science,8.117105707221402,57.48148838314681,78.09646769242514,55.62392772973226,2,0,0,92.1291673595728,1
Computer Science,8.186468930056973,58.27185745208208,65.10196221198143,49.981274978687814,1,0,3,76.27573489844193,1
Information Technology,7.425370779600827,68.57832430660609,52.43612659288819,60.77757746685462,1,2,0,58.577028756179295,0
Computer Science,8.849224031844603,45.64157867080672,73.03575055898042,77.38867479390345,1,3,0,85.29607236434367,1
Mechanical,7.0991073228240715,62.85111626953711,46.64573369940283,74.85930161727609,2,1,0,28.360247105929247,0
Electronics,8.17752711107232,81.4482067734538,70.59570732579452,52.30031694898771,1,0,3,45.013173997599175,1
Information Technology,6.276402793569462,32.13119223252078,48.656846382826686,49.771285892702586,0,2,0,54.95160556519257,0
Mechanical,7.471737418950914,88.01723152691773,76.91908126476747,76.82417671375366,0,1,0,100.0,1
Computer Science,7.290774890516597,81.83561328054739,56.13463999554437,51.99774671692947,1,0,2,38.59034198253189,0
Mechanical,7.770369506449129,58.10353076254285,63.23508974456036,66.07837593343106,1,2,0,25.85388116518653,0
Computer Science,7.05656768539997,73.15086241807714,74.40924081914743,67.22758356543699,1,0,2,31.112289710034588,0
Information Technology,7.342232885193999,65.0472159035949,58.41186832236646,70.61711837108129,0,1,1,78.12431738411203,0
Information Technology,8.491256605729808,83.44985552658025,69.13054000497546,80.4488677432737,2,1,1,48.11615458922286,0
Information Technology,6.9758829153141395,79.74024714154912,47.292542481327196,42.26666713638819,2,3,0,56.81826671262773,0
Electronics,5.572107479113585,43.99893915225486,79.46313405394234,30.59913214531122,3,3,1,75.25665283348968,0
Computer Science,9.599500685046504,73.80893620196265,96.47370708326157,54.78594893788967,1,4,2,56.83830744084177,1
Information Technology,9.157744894428584,61.915582195351284,,97.42751134097935,0,1,1,64.08293209016111,1
Computer Science,5.949284765873258,66.2424885577715,71.36752219999659,100.0,1,0,0,70.70430295219391,1
Electronics,8.327649366294233,54.07742148545277,81.8230621119578,97.96118844018598,0,2,2,51.38647216079569,0
Information Technology,6.896430275338388,91.22205603681253,43.29061490638766,61.526335380307586,0,1,1,56.67365880140632,0
Computer Science,7.816184658397272,80.60092729853864,92.54101489458382,32.921928524273085,2,4,0,64.83910804642024,1
Computer Science,7.853068954816193,53.90343254040549,81.64342757086159,22.825296170266867,1,3,2,77.3635854610644,1
Computer Science,7.218710639620413,44.980840896346514,62.7409983257315,53.9473130921106,2,1,0,44.15261471638702,0
Information Technology,6.559481201296324,,88.55771200433514,61.43467465731152,1,4,1,0.0,0
Information Technology,6.6713507372204885,71.51753969136959,66.18285885031987,88.41125721900725,2,1,0,73.59166298771294,1
Electronics,6.400569701422509,68.60308765919335,63.12962225478165,80.62049827176402,2,2,2,78.5543183750017,0
Information Technology,6.5018133501234665,83.79699237152366,77.13002388141237,,3,3,2,64.00068324260344,1
Computer Science,7.419386051940774,76.84879583271278,54.049682502545224,48.98279412305945,0,0,2,65.36586437913071,0
Mechanical,6.6410880130670975,79.5435353862936,85.32437146599922,47.70596795159197,0,3,2,48.71380211719659,0
Electronics,8.318462478855144,69.90283100915656,54.16015282109735,69.57429836728583,2,2,2,70.00366843069848,1
Computer Science,9.284695386403113,44.16051904683514,54.249178152652206,77.54691761911508,0,0,1,77.06333639368377,1
Mechanical,6.803936110355949,62.064522032796475,56.354653173874986,72.05386272042053,0,2,2,61.12992682836969,0
Electronics,7.787285400642452,80.90134609862999,81.39250056274183,46.377236727080216,3,0,1,100.0,1
Information Technology,8.099622132363521,64.22715607213031,60.748369577204386,76.71201731825755,2,0,0,28.72517824657241,0
Information Technology,8.06640272510313,,49.78006323449247,72.6663974078254,0,1,1,63.25923341712694,1
Information Technology,7.591146321499305,60.218775271308004,60.91480000096303,45.72800468857679,2,1,1,36.51294075365371,0
Electronics,8.391218902031667,49.55282227187232,69.5193644397927,50.8822225345954,0,1,0,77.5969184791378,0
Computer Science,8.078698743216789,63.14983903930834,52.285412745034215,77.3929275421082,0,3,0,28.37049143915637,0
Computer Science,6.014805093207243,69.6357116454898,52.72478336448485,60.77886436737396,1,1,3,33.32156914564603,0
Information Technology,8.542987277267128,55.16468420807834,100.0,93.60465142945623,0,2,1,47.33626118901591,0
Computer Science,8.56474900472009,61.46433132714997,57.091518942791694,74.02032696916237,1,2,1,65.316643397108,0
Information Technology,6.584056674985702,50.90805137021026,65.15436446840489,56.24063861259315,1,1,1,48.090572226767655,0
Mechanical,7.545525402537122,81.78867376346145,64.49144498801071,64.81629919296321,1,3,1,48.291174748018136,1
Information Technology,8.319994791373283,60.58316363617949,63.67964788344337,66.14090106747892,0,0,1,56.38219090147829,0
Mechanical,7.2488234165047665,86.79133317689275,79.32020109953653,51.88897436164922,0,2,2,55.15519681876987,1
Electronics,8.787573657319214,87.93121775811363,84.22214425708074,48.57341243280272,2,3,3,89.74898776637048,1
Computer Science,10.0,63.784310529173844,65.41068352702612,77.62501808857098,1,0,0,73.71822239337936,1
Electronics,6.5568167608380215,49.87326901178975,51.45282570111477,80.21491934675772,3,3,1,53.50846520430712,0
Computer Science,5.842746476215471,33.71153183399994,89.11660341773354,75.86806645195325,2,2,0,100.0,1
Electronics,7.864582314725851,42.919443904598126,68.56988363204977,92.27572569782843,2,0,3,69.83322349712019,0
Electronics,8.365875006151372,44.3924776265201,95.95482722285753,55.24808175179117,2,0,2,40.620758893729025,0
Electronics,7.222960351386277,85.67704441192257,36.31621153652256,95.13687378928034,0,1,0,65.13027479983688,0
Computer Science,9.243912795985242,66.73736880840418,72.93104831924981,48.78341986602525,0,4,0,70.7102508973063,1
Electronics,5.893673040332102,70.84406786137981,98.77909500814312,46.771659859367126,0,1,1,46.24750561877303,0
Information Technology,8.331502347637933,31.69368486597311,64.70103796842763,33.3207401213135,1,1,1,38.949821783879216,0
Computer Science,6.772967015089328,47.03050356174108,66.61759864998047,56.975684351117295,3,2,4,61.72918180084884,0
Electronics,9.563253487448756,78.3061966466943,74.43267537385508,55.932997937069835,2,1,0,52.79556457387928,1
Electronics,9.891018423801741,69.30161168573879,61.61806271672564,74.46687104458371,0,2,2,89.58255776910885,1
Information Technology,6.580012094659983,62.79192081971604,65.318921019209,69.39003694916812,1,1,3,74.82311648169829,0
Information Technology,6.8405314369097034,73.47263537900184,64.93277358712895,43.526479321655536,3,4,2,47.18449451826839,1
Information Technology,8.531505464375762,89.53696709203723,60.5886889836044,57.93092770833528,2,1,2,68.51876221897177,1
Information Technology,7.035443220252582,61.68436304694424,88.43284825300839,58.31368362042166,0,3,0,85.34256285449479,1
Electronics,7.445506538481314,66.04054703987104,76.91617048444652,33.032319554685934,0,2,1,32.123911082007,0
Information Technology,7.530466104650892,67.88895378096957,73.75942348154953,47.34295891375935,0,1,0,39.54443518024496,0
Computer Science,5.196392212562812,100.0,82.12856510335175,51.12535464894639,0,1,0,59.77662765440938,0
Computer Science,7.483394704686916,,66.03466250194799,90.80525035677704,0,3,0,60.71203935810068,0
Information Technology,6.672326671122991,75.24834522183212,58.38694272470649,,1,0,0,58.95604989074279,0
Information Technology,6.908252613120274,63.277966268614044,60.960635430781636,76.919037571055,0,1,1,53.78445642424644,0
Information Technology,9.232358404162577,73.50157589276269,70.02674561656913,38.02456105131419,3,1,0,53.4787935509596,1
Computer Science,5.992191726864893,55.139411690079136,54.11182437440647,86.49586069425185,1,2,2,67.68516273643257,0
Computer Science,8.475846224097573,64.26552453712324,62.49608475119987,88.41983713443366,0,3,0,82.67885107278346,1
Information Technology,7.16524448360183,75.67115869198243,62.25825037192848,29.029790591396733,0,3,3,50.38094540623146,0
Computer Science,7.164287797804999,100.0,100.0,52.30429896951473,0,3,0,100.0,1
Computer Science,8.448446275262054,77.12054284103107,28.39277590099125,73.92378031427918,1,2,0,99.21382871480634,1
Electronics,7.908061553482669,,67.3057041789155,76.59899216368729,0,1,0,86.58511259160163,0
